customer_id,customer_name,contact_name,email,address_line1,address_line2,city,state,zip_code,region,industry_code,segment,credit_limit,credit_used,payment_terms,credit_status,account_status,created_date,updated_date,updated_by
100000,Turner-Lowe,David Combs,bwolfe@bartlett.com,335 Stephenson River,,South Brittany,FM,75218,NE,FIN,E,228393,0,30,A,A,2024-04-13,2026-02-16,SYSTEM
100001,"Hancock, Payne and Thompson",Paula Dean,ydavis@perkins.net,12738 Moss Lights Suite 745,,North Jessicaberg,ND,62028,WE,TRN,E,116663,0,30,A,A,2024-03-15,2026-02-16,SYSTEM
100002,"Johnson, Lara and Phillips",Randy Mcguire,edwardjohnson@white.com,732 Craig Falls,,South Rachel,WA,26033,WE,RET,E,475400,0,60,A,A,2024-06-02,2026-02-16,SYSTEM
100003,"Taylor, Barnes and Jones",Darryl Short,jenniferrodriguez@holloway-white.com,3052 Garcia Corner Apt. 257,,Blakefort,NH,40052,NE,TEC,S,18848,0,30,A,A,2024-07-29,2026-02-16,SYSTEM
100004,Gomez PLC,Tara Oliver,madeline69@mason.com,15197 Jennifer Unions,,New Michael,ID,82194,NE,TRN,E,150707,0,45,A,A,2024-12-26,2026-02-16,SYSTEM
100005,Mcdaniel Group,Loretta Holloway,brian14@nielsen-ruiz.com,6081 Cortez Station Apt. 984,,West Michael,DC,19317,WE,HLT,T,7201,0,15,A,A,2024-03-07,2026-02-16,SYSTEM
100006,"Flores, Avery and Jackson",Amanda Wells,chelsea61@berger.com,27155 Tamara Drive Suite 059,,Lake Jonathan,OR,43635,WE,RET,S,7279,0,15,A,A,2024-12-08,2026-02-16,SYSTEM
100007,Edwards-Mann,Mark Ayers,xfrench@williams-howell.com,169 Patel Skyway,,Waltersbury,ND,90726,NE,TRN,M,61434,0,45,A,A,2024-07-12,2026-02-16,SYSTEM
100008,Allen Group,Gerald Humphrey,barbara56@carter-rogers.com,37881 Rodriguez Dam Apt. 691,,New Angelaport,NJ,47012,SE,FIN,S,7339,0,15,A,A,2024-05-26,2026-02-16,SYSTEM
100009,Gallagher LLC,Jonathan Bishop,debrabarker@gomez.com,35745 Kelley Passage,,Ericchester,VA,67040,MW,RET,T,6313,0,15,A,A,2024-08-09,2026-02-16,SYSTEM
100010,Miles Group,Lisa Campbell,fowleralyssa@gonzalez.com,857 Lee Mountains Apt. 741,,Schwartzview,NV,91012,MW,HLT,T,4456,0,30,A,A,2024-02-23,2026-02-16,SYSTEM
100011,Deleon-Alvarez,Jessica Hernandez,spenceshannon@tran.net,455 Weaver Fork,,Lake Kimberly,CA,70693,SE,FIN,T,3287,0,15,A,A,2024-03-24,2026-02-16,SYSTEM
100012,House Ltd,Sarah Wood,shannonsandoval@wheeler-benjamin.com,63428 Aaron Expressway Suite 358,,South Jillianville,OH,14925,WE,TRN,T,6930,0,15,S,A,2024-05-10,2026-02-16,SYSTEM
100013,Butler LLC,Kenneth Moore,xkramer@brown.net,349 Sue Extension,,Lake Aliciatown,IA,73185,NE,HLT,E,180132,0,60,A,A,2024-03-18,2026-02-16,SYSTEM
100014,Howell Inc,Jason Bell,brandonbutler@lewis.com,34244 Rice Extension,,Jamieborough,NJ,46974,SW,TRN,E,412417,0,45,A,I,2025-01-12,2026-02-16,SYSTEM
100015,"Cardenas, Hernandez and Hood",Mark Davis,paulsantana@jones.info,3342 Baxter Common,,West Ethan,TX,78637,WE,FIN,E,436048,0,45,A,A,2024-05-30,2026-02-16,SYSTEM
100016,"Stewart, Pratt and Flores",Jonathan Jefferson,jamesevans@rose.com,3074 Morris Extensions Apt. 210,,Lake Erica,UT,09480,MW,TEC,E,366171,0,30,H,A,2024-02-25,2026-02-16,SYSTEM
100017,"Choi, Hill and Baker",Caitlin Sullivan,chungheather@wagner.com,85645 David Parkways,,Johnton,GA,89664,SE,CON,M,46174,0,30,A,A,2024-11-21,2026-02-16,SYSTEM
100018,"Carter, Haas and Williams",Dylan Duran,lisa76@holloway-russell.com,7373 Alicia Island Apt. 613,,East Mark,MA,58899,MW,RET,S,6898,0,15,H,A,2024-12-05,2026-02-16,SYSTEM
100019,Nunez-Lara,Stephanie Maxwell,marciawilliams@harris-williamson.com,5662 Riggs Course Suite 957,,South Ashley,NM,62133,NE,TEC,T,3103,0,30,H,A,2024-04-22,2026-02-16,SYSTEM
100020,"Massey, Stevens and Miller",Lindsay Hendricks,christine00@johnson.net,3398 David Springs Suite 982,,South Lisa,PW,03825,SE,RET,T,6107,0,30,S,A,2024-06-07,2026-02-16,SYSTEM
100021,Martinez LLC,Austin Mitchell,justinjohnson@davis-velez.com,56424 Burns Extensions Suite 375,,Suzanneville,LA,92921,NE,RET,T,4681,0,15,A,A,2024-09-22,2026-02-16,SYSTEM
100022,Johnson-Lee,Brittany Austin,taylorkatherine@coleman.com,5302 Watson Roads Apt. 551,,New Thomaston,WY,00533,NE,HLT,M,32716,0,30,A,A,2024-08-01,2026-02-16,SYSTEM
100023,May Inc,Mary Silva,ronaldjohnson@harris.info,09533 Moore Court Apt. 537,,Donnabury,NJ,52978,WE,RET,E,246002,0,60,A,A,2024-03-31,2026-02-16,SYSTEM
100024,"Cook, Brady and Carpenter",Anthony Payne,eric15@taylor.net,14169 Holloway Walk Apt. 600,,Lake Michaelland,VA,35026,SE,PRO,T,7669,0,15,A,A,2024-07-20,2026-02-16,SYSTEM
100025,"Castillo, Henderson and Tran",Chad Rodriguez,wgreen@watkins-marquez.com,09823 Cole Turnpike Apt. 619,,Hopkinston,IN,14941,SW,PRO,T,1887,0,15,A,A,2024-11-23,2026-02-16,SYSTEM
100026,Walker LLC,Sarah Olsen,jeremy72@gibson.com,17760 Davis Cliff,,New Rodney,UT,12128,SE,RET,M,95292,0,45,A,A,2024-05-26,2026-02-16,SYSTEM
100027,Yu-Kelly,Joshua Conner,heatherwade@lara.com,390 Leonard Trail,,Carrstad,NJ,97039,NE,PRO,M,97132,0,30,A,I,2025-01-10,2026-02-16,SYSTEM
100028,"Gray, Williams and Williams",Mark Day,lisa22@carpenter.org,7710 Charles Tunnel,,Port Matthewland,MN,27607,SE,TEC,E,313078,0,45,A,A,2024-12-18,2026-02-16,SYSTEM
100029,Velez Ltd,Laura Allen,harveylauren@walls-beasley.org,0868 Steven Spring Apt. 125,,West Sarah,OK,75303,SW,MFG,M,76173,0,45,H,A,2024-08-24,2026-02-16,SYSTEM
100030,Lewis Inc,Monica Simon,joshua55@velez.com,9751 Matthew Parkways,,Christianshire,MI,54728,WE,PRO,T,3536,0,15,A,I,2024-03-27,2026-02-16,SYSTEM
100031,"Moss, Brock and Bell",Shawn Johns,connie99@morris-humphrey.com,3040 Kyle Squares Apt. 778,,Muellerside,AZ,92111,MW,MFG,E,126289,0,60,A,A,2024-04-21,2026-02-16,SYSTEM
100032,Cooper Inc,April Lawrence,jennarivera@fowler.com,084 Tran Fall Apt. 380,,Pricetown,UT,52441,NE,HLT,M,49356,0,30,A,A,2024-09-19,2026-02-16,SYSTEM
100033,Goodman Ltd,Nicholas Juarez,timothy85@white.com,475 Adrienne Terrace,,Lake Dennisside,ND,71322,NE,RET,T,1651,0,15,A,A,2024-04-25,2026-02-16,SYSTEM
100034,Jordan-Smith,Andrew Patton,larsenamanda@stewart.net,487 Nicole Causeway,,Jasonland,WV,89538,MW,RET,S,15295,0,15,A,A,2024-02-22,2026-02-16,SYSTEM
100035,Gordon PLC,Richard Martin,gibsonmark@lara.com,52290 Roberts Union,,Mikemouth,ME,15288,SW,CON,S,7377,0,15,A,I,2024-11-27,2026-02-16,SYSTEM
100036,Martinez Inc,Erica Jones,kendrawarren@bond.info,197 Edwards Way,,Kellerhaven,AK,05521,WE,RET,E,365229,0,45,A,A,2024-12-13,2026-02-16,SYSTEM
100037,"Juarez, Fowler and Burke",Steven Beck,bradshawkatie@baker-watson.com,053 Frost Hollow Apt. 888,,South Erica,DC,26166,MW,FIN,M,45676,0,45,A,A,2024-03-10,2026-02-16,SYSTEM
100038,"Wheeler, Armstrong and Powell",Erica Beck,carolhensley@odonnell.biz,104 Baldwin Lakes,,New Alicia,PW,92302,WE,FIN,E,447806,0,30,H,A,2024-11-19,2026-02-16,SYSTEM
100039,Rojas Inc,Monica Bailey,todd29@wright.com,06992 Burns Highway,,Reginastad,MI,78206,WE,TEC,E,242788,0,45,A,A,2024-10-05,2026-02-16,SYSTEM
100040,Guerrero Group,Michelle Bridges,uwhite@johnson-ford.org,647 Mcbride Brooks,,New Patrick,WI,12173,WE,PRO,S,13228,0,15,A,A,2024-08-29,2026-02-16,SYSTEM
100041,Carr-Murray,Kevin Huff,espinozasteven@chavez-klein.com,447 Porter Route Suite 472,,Arthurmouth,WA,61784,NE,CON,E,168587,0,60,S,A,2024-06-05,2026-02-16,SYSTEM
100042,Savage-Hansen,Jeremy Brown,melanieweaver@holmes.com,093 Escobar Heights Apt. 415,,Rubenborough,FL,35425,WE,MFG,T,2832,0,15,H,A,2024-11-02,2026-02-16,SYSTEM
100043,Murray-Rivera,David Peterson,matthewbeasley@ortiz.biz,8902 Patrick Court,,Woodsview,AS,43577,MW,TEC,E,325332,0,30,A,A,2024-12-28,2026-02-16,SYSTEM
100044,Nelson-Hill,Scott Fields,amber94@rodriguez.info,87074 Wilson Pike,,South Kendra,MT,98416,SE,RET,S,8368,0,30,A,A,2024-06-23,2026-02-16,SYSTEM
100045,Taylor-Nixon,Stephanie Williams,mahoneyrebecca@gonzales.com,33082 Bennett Throughway,,East Kevinton,SD,28576,SE,TEC,M,48206,0,45,A,A,2024-07-31,2026-02-16,SYSTEM
100046,Curtis-Smith,Linda Taylor,dyerjoseph@williams-tucker.info,32669 Gordon Street Suite 003,,Mikeberg,RI,03741,SE,FIN,T,3608,0,15,A,A,2024-05-22,2026-02-16,SYSTEM
100047,Smith-Woodward,Sherry Brown,carsonkatherine@wolf-meyer.biz,7307 Todd Flat,,Gonzalezborough,WY,06392,SE,PRO,M,70830,0,45,A,A,2024-09-25,2026-02-16,SYSTEM
100048,"Green, Henry and Johnson",Kelsey Robinson,durankristen@sanchez.com,819 Jaime Keys Suite 587,,North Darylport,AK,42408,SE,TRN,E,272103,0,45,H,I,2024-08-28,2026-02-16,SYSTEM
100049,George Ltd,Kimberly Fitzpatrick,plopez@adams.net,0253 Eric Unions,,North Michaelside,OR,03360,WE,TRN,S,22570,0,30,H,A,2024-09-06,2026-02-16,SYSTEM
100050,"Morris, Jennings and Williams",Mallory Jackson,copelandlaura@miller.com,5062 Lauren Street,,Port Marcus,NC,24717,WE,FIN,M,30014,0,30,A,A,2024-08-10,2026-02-16,SYSTEM
100051,"Nguyen, Christian and Erickson",Christine Rodriguez,christopherhall@carter-smith.com,23381 Smith Square,,West John,NJ,12091,WE,HLT,T,7311,0,15,A,A,2025-01-17,2026-02-16,SYSTEM
100052,"Mckee, Glover and Bryant",Lisa Cruz,zeverett@woodard.net,4827 Simpson Row,,East Angelica,DC,24924,MW,TRN,M,34171,0,45,A,A,2024-11-15,2026-02-16,SYSTEM
100053,Sandoval-Smith,Samantha Stephenson,nstokes@reynolds.net,6824 Carolyn Freeway Apt. 682,,South Paulmouth,FM,52196,WE,FIN,S,18382,0,30,A,A,2024-11-13,2026-02-16,SYSTEM
100054,"Lawson, Adams and Reid",Wendy Collier,bjohns@gonzales-bean.net,18898 Kevin Villages Apt. 843,,Lake Spencer,MN,97048,SW,TRN,M,47810,0,45,A,A,2024-08-15,2026-02-16,SYSTEM
100055,Martin-Butler,Sandra Jackson,kperez@perez-hanson.com,31738 Mary Valleys,,Lake Alexandermouth,NJ,04329,SE,TRN,S,24004,0,30,A,A,2024-09-30,2026-02-16,SYSTEM
100056,Roth-Gutierrez,Nancy Diaz,aolson@bright-ross.net,146 Zachary Ford Apt. 827,,Lake Robertville,WY,85495,SE,HLT,T,5649,0,30,A,I,2024-09-19,2026-02-16,SYSTEM
100057,"Simpson, Allen and Curtis",John Garner,mossricky@grant-randall.com,343 Avila Lane Suite 540,,West Diane,DC,98666,SE,RET,S,9828,0,15,A,I,2024-03-11,2026-02-16,SYSTEM
100058,Kelley LLC,Deborah Williams,lorismith@burgess.com,4130 Todd Spring Suite 454,,Webbview,NV,38964,SW,TRN,E,430178,0,60,A,A,2024-05-09,2026-02-16,SYSTEM
100059,"Caldwell, Bauer and Morales",Andre Montgomery,natasha33@flores.com,20279 Marisa Cove,,Alexanderton,IA,64221,SE,TEC,T,1090,0,15,A,A,2024-04-27,2026-02-16,SYSTEM
100060,Parrish-Cantrell,Dana Lee,raymond00@walker.org,85137 Pollard Crescent Apt. 687,,North Erinchester,NC,85635,NE,RET,T,2988,0,30,A,A,2024-04-21,2026-02-16,SYSTEM
100061,Dixon and Sons,Michael Gonzalez,vargassuzanne@robles.com,7967 Riley Centers Apt. 517,,Lake Williamborough,IA,58559,SW,TRN,S,22952,0,30,H,A,2024-05-19,2026-02-16,SYSTEM
100062,Wong-Miller,Lynn Wilson,bclark@nguyen.org,894 Brown Trace,,West Cassandra,AK,55480,MW,RET,T,5543,0,30,A,A,2024-12-09,2026-02-16,SYSTEM
100063,Marquez Inc,Ryan Haynes,onguyen@barrett-estrada.com,614 Jones Forge,,Haydenfurt,MS,64917,SE,FIN,S,16005,0,30,H,A,2024-11-01,2026-02-16,SYSTEM
100064,Alvarado-Martinez,Mason Martinez,ckelly@fuller.org,20252 Ashley Ranch Apt. 254,,Denisechester,OH,86326,SW,TEC,M,53043,0,30,A,A,2024-05-24,2026-02-16,SYSTEM
100065,Johnson Group,Patricia Booth,ocontreras@davis.info,21625 Jennifer Course,,Port Bryan,IL,54519,NE,RET,T,7883,0,30,H,A,2025-01-07,2026-02-16,SYSTEM
100066,Perry-Miller,Christopher Richard,kurtward@gonzales.com,6512 Williams Avenue Suite 871,,Port Cassandra,IN,84632,SW,MFG,T,6763,0,30,A,A,2024-06-17,2026-02-16,SYSTEM
100067,"Gomez, Harmon and Lucas",Stephen Lam,andersonaudrey@singleton-goodwin.net,136 Haley Junction Suite 968,,Karaville,WY,51230,SW,RET,M,60774,0,45,A,A,2024-06-24,2026-02-16,SYSTEM
100068,"Montes, Hall and Simpson",Jordan Sanchez,wrobbins@terry-deleon.com,9821 Bentley Knoll,,West Rickyside,AS,86156,SW,TEC,M,95008,0,30,H,A,2025-01-04,2026-02-16,SYSTEM
100069,Morgan-Jacobs,Melissa Johnson,conwaystephanie@nixon.com,995 Johnson Ports,,South Deborah,IN,80613,SW,TEC,E,342062,0,30,A,A,2024-10-01,2026-02-16,SYSTEM
100070,"Castillo, Larson and Evans",Erica Graham,hburns@thomas.org,6828 Angel Bypass Suite 633,,Port William,PW,90949,MW,CON,T,7211,0,30,A,A,2024-09-10,2026-02-16,SYSTEM
100071,Bell-Hansen,Kathryn Williams,taylordamon@bruce-allen.biz,15452 Vanessa Manor,,Jenkinsbury,NC,07509,SW,MFG,E,492704,0,60,A,I,2024-09-25,2026-02-16,SYSTEM
100072,West-Cervantes,Sonya Long,parkerbriana@daniels.com,3094 Douglas Spurs Suite 201,,Riosside,HI,73452,NE,MFG,E,229647,0,30,A,A,2024-09-17,2026-02-16,SYSTEM
100073,Wells and Sons,Kyle Freeman,wyoung@thompson-hogan.com,426 Daniels Hills Apt. 075,,Lake Ericstad,VT,02047,SW,HLT,M,98920,0,30,A,A,2024-07-13,2026-02-16,SYSTEM
100074,Chambers Inc,Anthony Martin,jfleming@phillips-grant.info,5737 Brian View,,New Rebeccaborough,PW,24023,WE,HLT,M,46465,0,45,A,A,2024-08-11,2026-02-16,SYSTEM
100075,"Riggs, Hernandez and Brown",Kathleen Mcmahon,jessica85@meyers-brady.com,576 Watson Manors,,Kristenstad,AL,90284,SW,RET,T,2245,0,15,A,A,2024-03-16,2026-02-16,SYSTEM
100076,Maddox LLC,David Osborne,mharrison@anderson.org,22531 Grace Pine,,Calhounshire,MN,42815,WE,MFG,E,282034,0,60,A,A,2024-05-03,2026-02-16,SYSTEM
100077,James Ltd,Michelle Robinson,nancy46@green.com,044 Sanchez Hollow Apt. 289,,Port Madisonhaven,OR,22845,NE,TRN,S,21062,0,15,A,A,2024-05-27,2026-02-16,SYSTEM
100078,"Freeman, Jones and Townsend",Megan Robinson,tamarapearson@medina.com,2054 Tiffany Stravenue,,Port Jason,OR,24596,SW,TEC,M,93386,0,45,A,A,2024-05-15,2026-02-16,SYSTEM
100079,Benton and Sons,Heather Combs,kdiaz@vasquez.biz,70424 Woods Canyon,,West Ashley,WY,06541,SW,FIN,T,6280,0,15,A,A,2024-06-01,2026-02-16,SYSTEM
100080,Harvey-Gomez,Angela Ramsey,hickmannancy@howe.org,98299 Patricia Mountain,,North Jaimemouth,MH,89687,SW,TRN,M,69092,0,30,A,A,2024-05-13,2026-02-16,SYSTEM
100081,"Mathis, Collins and Huang",Jennifer Tate,debra72@cooper.org,5258 Barry Prairie,,Lake Javierburgh,DC,78932,MW,FIN,M,69608,0,45,H,A,2024-08-29,2026-02-16,SYSTEM
100082,Robinson-Chan,Joseph Hardin,michaellong@merritt-harris.com,0913 Cobb Branch Apt. 306,,Armstrongburgh,OR,82316,WE,RET,E,144885,0,30,A,A,2024-09-16,2026-02-16,SYSTEM
100083,"Murphy, Hayes and Lucero",Emily Valenzuela,jamesalexander@berger-smith.com,558 Hodges Shoals,,Stephanieshire,MS,83491,SW,PRO,T,1282,0,15,A,A,2024-09-15,2026-02-16,SYSTEM
100084,May Group,Debra Nichols,owensbridget@jimenez-fisher.com,97314 Justin Views Apt. 204,,Stephanieborough,LA,84413,WE,CON,S,20507,0,30,A,A,2024-08-01,2026-02-16,SYSTEM
100085,Hubbard-Colon,Pamela Boyd,allenlynch@harris.com,6987 Brittany Turnpike,,Cynthiamouth,RI,24807,SW,FIN,S,15047,0,30,A,A,2024-08-09,2026-02-16,SYSTEM
100086,"Castro, Small and Larson",Holly Edwards,brittneybennett@miller.com,3247 Jones Flats Apt. 344,,Davidton,KS,88511,WE,TEC,E,200422,0,30,A,A,2024-03-22,2026-02-16,SYSTEM
100087,"Stone, Calhoun and Strickland",Sarah Thompson,villarrealdiane@robinson.biz,4910 Richard Canyon Suite 130,,North Dustinstad,PW,13964,NE,RET,S,14707,0,15,A,A,2024-04-19,2026-02-16,SYSTEM
100088,Rush Inc,Jennifer Wilson,jowens@johnson-vasquez.info,7393 John Valleys Suite 721,,Stephanieville,KY,81957,MW,MFG,M,32146,0,45,A,A,2024-05-11,2026-02-16,SYSTEM
100089,Wheeler-Escobar,Joseph Davis,janice13@james-franklin.com,14856 John Skyway Suite 784,,Hawkinsmouth,WV,29753,NE,FIN,E,346099,0,45,A,A,2024-12-22,2026-02-16,SYSTEM
100090,"Edwards, Chavez and May",Linda Davidson,brandy25@peters-gonzalez.org,5433 Jessica Branch Suite 070,,Lake Andreaburgh,MI,53117,SW,HLT,S,7141,0,30,A,A,2024-12-21,2026-02-16,SYSTEM
100091,"Krueger, Haas and Hoffman",Cassandra Brown,sandra22@wolf.com,87401 Mary Inlet Suite 089,,North Brianmouth,TX,17713,SE,FIN,M,36164,0,30,A,A,2024-03-13,2026-02-16,SYSTEM
100092,Valenzuela-Rodriguez,Marissa Russo,xsmith@atkins.com,386 Jenny Rest Suite 405,,Port Jessica,UT,48242,WE,TRN,M,84049,0,45,A,A,2024-06-12,2026-02-16,SYSTEM
100093,Sandoval-Coleman,Jose Garza,mariah97@willis-escobar.com,56718 Amanda Cove Apt. 002,,Stephenschester,WA,88783,WE,MFG,S,24976,0,15,H,A,2024-10-01,2026-02-16,SYSTEM
100094,Stewart Inc,Angela Anderson,ssantos@cervantes.com,861 George Cape,,Millermouth,IN,06693,NE,TEC,S,12859,0,15,A,A,2024-06-22,2026-02-16,SYSTEM
100095,Moore-Myers,Robert Little,michaelmiller@farmer.net,80515 Jordan Square,,New Kelsey,AR,25707,WE,PRO,T,5771,0,15,A,A,2024-05-30,2026-02-16,SYSTEM
100096,"Orr, Price and Pitts",Melinda Townsend,ericholt@joseph.com,1941 Jennifer Ridges,,North Amandafurt,MH,96349,SE,FIN,E,427710,0,60,A,A,2024-06-14,2026-02-16,SYSTEM
100097,Adams PLC,David Porter,walter72@owens.net,920 Hunt Crossroad,,Leefort,NY,04092,WE,RET,E,439547,0,30,H,A,2024-12-12,2026-02-16,SYSTEM
100098,"Snyder, Johnson and Graham",Kelly Grant,sheila69@garrett.biz,90625 Bobby Square,,Johnsonstad,AK,50468,SE,FIN,E,411974,0,60,A,A,2024-06-07,2026-02-16,SYSTEM
100099,Bennett Ltd,Dr. Lynn Travis,wilkersonspencer@wheeler.org,733 Mcclure Forges Suite 550,,Wilsonborough,PR,18837,SW,FIN,E,466861,0,45,H,A,2024-05-10,2026-02-16,SYSTEM
100100,"Boone, Aguirre and Leblanc",Michelle Rodriguez,brownmichelle@fox.info,60053 Sanchez Harbor Suite 704,,Brianmouth,FM,23988,NE,MFG,T,8078,0,30,A,A,2024-09-22,2026-02-16,SYSTEM
100101,Dixon-Bennett,Jessica Glenn,millerlindsey@sanchez.net,2068 Smith Port Apt. 938,,Lake Michelleton,DC,07344,MW,MFG,E,496502,0,30,A,A,2024-08-28,2026-02-16,SYSTEM
100102,Lewis LLC,Charles Nelson,ian97@gonzalez-caldwell.biz,3795 Ronald Crossing Suite 695,,Pittmanchester,DE,29120,WE,TRN,M,89451,0,30,A,A,2024-08-06,2026-02-16,SYSTEM
100103,Adams-Simpson,Tamara Madden,amanda95@anderson-mcdonald.com,6527 Kenneth Neck Apt. 475,,West Bryanfort,NJ,24752,SE,CON,E,315820,0,60,A,A,2024-06-26,2026-02-16,SYSTEM
100104,"Johnson, Aguilar and Hooper",Elizabeth Byrd,luis37@pearson-juarez.com,4118 Stacey Parks Apt. 026,,Lindachester,FL,36383,SW,HLT,E,264897,0,45,A,I,2024-06-25,2026-02-16,SYSTEM
100105,Hardy-Rosales,Robyn White,kenneth85@brown.com,829 Roberson Lights,,New Paulfurt,AS,11271,WE,PRO,E,316660,0,30,A,A,2024-05-07,2026-02-16,SYSTEM
100106,"Brown, Flores and Snyder",Mary Bowen,shaneflores@padilla.com,246 Chavez Pine Apt. 809,,Port Melanie,TN,38504,NE,RET,T,5375,0,15,H,A,2024-05-14,2026-02-16,SYSTEM
100107,"Smith, Lee and Sexton",Emily Perkins,hvang@hernandez-dudley.com,973 Wendy Ville,,Coltonmouth,AK,53454,NE,RET,E,472130,0,30,A,A,2024-06-23,2026-02-16,SYSTEM
100108,Calhoun-Rogers,Robert Blackwell,michael41@morris-curry.info,7071 Small Ranch,,South Tylerside,GU,73047,SE,HLT,E,341931,0,30,A,A,2024-08-21,2026-02-16,SYSTEM
100109,Richmond Ltd,Katherine Ferguson,thomassandra@nelson-mendez.biz,494 Reed Ports Apt. 567,,Fieldsville,HI,58533,SW,PRO,S,20473,0,15,A,A,2024-10-12,2026-02-16,SYSTEM
100110,"Fletcher, Garcia and Carter",Austin Smith,uwilliams@white-baldwin.com,203 Rodney Oval,,East Michael,IA,00899,NE,FIN,M,79387,0,45,H,A,2025-01-16,2026-02-16,SYSTEM
100111,Leon Ltd,Glenda Welch,cookkaren@cook.com,84319 Joy Course Suite 995,,North Kenneth,PW,06181,MW,PRO,S,9869,0,30,A,A,2024-04-10,2026-02-16,SYSTEM
100112,Jennings and Sons,Sara Salinas,tmoss@wilson-jones.com,222 Cross Gardens Suite 422,,South Sara,WY,19421,SW,CON,T,4090,0,15,A,A,2024-06-21,2026-02-16,SYSTEM
100113,Clay LLC,Charlene Miller,dsanders@williams.com,21711 Evans Fall Suite 566,,Port Gina,NY,35629,MW,PRO,E,469742,0,45,A,A,2024-02-19,2026-02-16,SYSTEM
100114,Bowers LLC,Justin Scott,stacywood@pruitt-walton.com,5101 Misty Trail,,Cannonland,GA,98449,SW,MFG,M,41547,0,45,H,A,2024-06-06,2026-02-16,SYSTEM
100115,Smith-Zimmerman,Chris Barrett DDS,andersonjames@bass-campbell.com,55504 Ross Cape Suite 088,,South Robert,UT,89012,WE,PRO,E,108046,0,60,A,A,2024-10-30,2026-02-16,SYSTEM
100116,Chen Group,Erica Clark,andreabaxter@moyer.info,83606 Ramirez Springs Apt. 138,,Taylormouth,VA,81911,SW,FIN,E,277503,0,60,A,A,2024-08-02,2026-02-16,SYSTEM
100117,Smith-Avila,Dana Hensley,josepetersen@potter-gardner.com,98816 Frank Tunnel,,South Rachel,TN,53589,MW,PRO,T,9864,0,15,A,A,2024-08-23,2026-02-16,SYSTEM
100118,"Burns, Price and Roth",Samantha Jones,tjohnson@clay.com,7860 Patterson Corners,,Bobbytown,MH,19804,NE,TRN,M,37903,0,30,A,A,2025-01-03,2026-02-16,SYSTEM
100119,White-Wiley,John Simmons,suzanne56@compton.com,925 Green Shores,,Joshuaview,FM,41049,MW,MFG,E,253809,0,45,A,A,2024-04-21,2026-02-16,SYSTEM
100120,Fritz-Barber,Joseph Berry,fcain@lee.com,77381 Adkins Junctions,,East Jessica,ND,89885,WE,TEC,T,3785,0,15,A,A,2024-03-06,2026-02-16,SYSTEM
100121,Duncan PLC,Lorraine Sandoval,yreyes@brown-johnson.com,6479 Phillips Pines Suite 841,,New Robert,NE,41143,SW,TEC,M,55433,0,45,A,A,2025-01-13,2026-02-16,SYSTEM
100122,Delgado PLC,Daniel Massey,fuentesherbert@ward.info,82865 Allen Lakes,,Morganland,KS,98533,MW,TEC,T,2210,0,30,H,I,2024-08-17,2026-02-16,SYSTEM
100123,Nguyen-Flowers,William Roberts,obowers@garcia.net,2535 David Courts,,Garciachester,OH,79434,MW,PRO,T,5949,0,15,S,A,2024-11-24,2026-02-16,SYSTEM
100124,"Patterson, Walsh and Miller",Connor Hurst,patrickrose@bradley-garrett.info,39341 Richard Ways Suite 001,,Michaelside,IN,97059,SW,CON,M,63780,0,45,A,A,2024-06-29,2026-02-16,SYSTEM
100125,"Mcdonald, Cortez and Wilson",John Ray,thomas19@waters.info,884 Rose Divide Suite 783,,South Vincenttown,OH,47844,NE,MFG,S,24870,0,30,A,A,2024-09-22,2026-02-16,SYSTEM
100126,Thompson-Johnson,Stephen Anderson,ibryant@howard.com,881 Lee Lodge Apt. 411,,Gibsonfurt,CT,23326,SE,RET,S,13212,0,15,A,A,2024-02-22,2026-02-16,SYSTEM
100127,Hayes Group,Alan Rodriguez,antonio23@harris-martin.com,045 Alyssa Mall,,New Eric,IA,84174,MW,PRO,E,117492,0,60,A,A,2024-08-19,2026-02-16,SYSTEM
100128,Robles-Rodriguez,Connie Stewart,anna26@lopez.com,083 Campbell Place Suite 433,,Anthonychester,ME,97929,SW,TEC,S,11579,0,15,A,A,2024-07-14,2026-02-16,SYSTEM
100129,"Harrell, Rice and Sanchez",Elizabeth Rodriguez,kristina08@jensen.com,348 Christine Springs Suite 298,,East Annette,GA,31309,SE,FIN,S,20789,0,30,A,A,2024-11-20,2026-02-16,SYSTEM
100130,Sanchez-Vasquez,Michael Arnold,rjohnson@martinez.com,6723 Harris Summit Apt. 264,,Crystalchester,VT,07041,NE,TEC,T,4696,0,30,S,A,2024-07-14,2026-02-16,SYSTEM
100131,"Johnson, Mccann and Mason",Peter Nicholson,pevans@barker.com,92265 Rodriguez Wall,,Sandovalshire,MT,97655,SW,MFG,E,238652,0,60,A,A,2024-09-05,2026-02-16,SYSTEM
100132,Walters-Hutchinson,Benjamin Landry,cortezmelissa@garcia-watkins.com,0058 Crystal Manor,,New Laurafurt,HI,81108,MW,HLT,T,4830,0,30,A,A,2024-04-05,2026-02-16,SYSTEM
100133,Johnson-Parker,Diane Alvarado,erica72@decker-myers.info,72265 Sherri Cape Apt. 433,,South Jessica,AS,62557,WE,RET,S,7071,0,30,H,A,2024-06-22,2026-02-16,SYSTEM
100134,"Berg, Marshall and Nelson",Timothy Johnson,iparker@gonzalez.com,102 Katrina Greens Suite 360,,Perezside,WA,74005,SE,MFG,E,119509,0,45,S,A,2024-09-19,2026-02-16,SYSTEM
100135,"Benjamin, Marsh and Hernandez",Stacey Mercado,powellrose@hatfield.com,974 Lawrence Ranch,,Ryanchester,LA,37354,SW,PRO,M,73629,0,45,A,A,2024-06-19,2026-02-16,SYSTEM
100136,"Barnett, Wilson and Thomas",Brent Garcia,joshua55@duarte.biz,1672 Hull Passage Suite 208,,New Jameshaven,UT,84763,SW,TRN,E,246664,0,30,A,A,2024-06-04,2026-02-16,SYSTEM
100137,Schneider LLC,Carlos Bradshaw,brianspencer@wong-davis.com,03264 Rosales Plaza,,North Dorothy,FL,29837,MW,HLT,M,73147,0,45,A,A,2024-11-16,2026-02-16,SYSTEM
100138,Johnson Ltd,Mary Watson,deborahmartin@cole.net,125 Young Trafficway Suite 141,,Dianaburgh,CT,06167,NE,RET,T,1349,0,15,A,A,2024-11-14,2026-02-16,SYSTEM
100139,Hansen Inc,David Mercer,monicatravis@campbell-williams.info,841 Arroyo Crest,,Millerview,NY,69903,NE,RET,M,53305,0,30,A,A,2024-03-18,2026-02-16,SYSTEM
100140,Smith LLC,Isaiah Johnson DDS,harperkristina@mcdowell-taylor.com,42083 Blake Village,,New Amyberg,NC,87755,MW,TEC,E,168153,0,60,A,A,2025-01-04,2026-02-16,SYSTEM
100141,Martinez-Gould,Sharon Williams,rschwartz@peters-barajas.com,866 Dalton Mall,,New Meaganstad,NM,63057,NE,CON,M,56186,0,45,A,A,2024-11-14,2026-02-16,SYSTEM
100142,Holden and Sons,Susan Turner,maria73@nichols-ross.info,070 James Lodge Suite 127,,East Georgeville,PR,26718,WE,HLT,T,2041,0,30,A,A,2024-03-20,2026-02-16,SYSTEM
100143,Burton and Sons,Joseph Taylor,michelle10@pena.com,370 Schmitt Circles Suite 928,,Port Kimberly,WY,20565,SW,RET,E,422493,0,30,A,A,2024-04-26,2026-02-16,SYSTEM
100144,"Mayo, Jones and Sanchez",Kenneth Walls,bobbyleach@solomon-dudley.com,0480 Christy Squares,,North Patricialand,IA,09771,SW,MFG,S,6993,0,30,A,A,2024-11-23,2026-02-16,SYSTEM
100145,Perez Inc,Jeremiah Montoya,robin77@james.com,495 Kimberly Spur,,Lake Arthur,WV,02963,SW,HLT,T,2323,0,30,A,A,2024-08-30,2026-02-16,SYSTEM
100146,Delgado Inc,Matthew Washington,morrisjohn@proctor.com,51982 Washington Village Apt. 160,,Michelletown,AZ,77689,SW,FIN,S,19867,0,30,A,A,2024-02-17,2026-02-16,SYSTEM
100147,"Moran, Nguyen and Scott",Tamara Johnson,elizabeth35@jackson-alvarez.com,982 Brian Ways,,New Mary,NE,98723,SW,PRO,M,54949,0,45,A,A,2024-06-19,2026-02-16,SYSTEM
100148,Howard Group,Karen Brown,lindarodriguez@sherman-silva.biz,6488 Adam Drives Apt. 780,,Ellisstad,TN,72739,MW,TRN,E,263852,0,60,A,I,2024-05-20,2026-02-16,SYSTEM
100149,Douglas-Savage,Amy Hansen,julia81@brown.net,50432 Simmons Rapids,,Lake Jon,NJ,78573,NE,HLT,E,148879,0,45,A,A,2024-11-12,2026-02-16,SYSTEM
100150,"Gonzales, Beck and Steele",Amy Peterson,chris21@johnson.info,644 Ronald Freeway Suite 607,,Melissamouth,DE,25721,WE,CON,E,451279,0,30,A,A,2024-06-15,2026-02-16,SYSTEM
100151,Smith-Castaneda,Amanda Solis,kimberlylynn@munoz.com,235 Russell Flat Apt. 857,,East Nicholeberg,WV,11568,MW,FIN,E,284363,0,30,A,A,2024-05-16,2026-02-16,SYSTEM
100152,"Gibson, Hawkins and Bradley",Robert Burgess,joshuatyler@phelps.com,3073 Benjamin Parkways,,East Joanne,MA,37312,NE,CON,M,97910,0,45,A,A,2024-09-24,2026-02-16,SYSTEM
100153,Donaldson PLC,John Adams,stevenadams@williams-morris.info,035 Taylor Glen Suite 749,,West Bryan,UT,24032,WE,MFG,T,5381,0,15,A,A,2024-08-12,2026-02-16,SYSTEM
100154,"Ramirez, Griffin and Phelps",Madeline Stewart,michaelmartinez@nelson.net,076 Schultz Fork Apt. 874,,Joshuatown,ND,61115,MW,MFG,S,10944,0,15,A,A,2024-11-06,2026-02-16,SYSTEM
100155,Hebert and Sons,Jeffrey Briggs,samantha52@brown.com,11559 Delgado Cove,,Lake Johnton,MA,45339,NE,RET,E,297234,0,45,A,A,2024-08-11,2026-02-16,SYSTEM
100156,Davidson Inc,Mr. Paul Brown,nlucas@rose.com,599 Brian Light Suite 659,,East Craig,ME,25836,WE,HLT,S,6723,0,15,A,A,2024-12-07,2026-02-16,SYSTEM
100157,Harper-Clark,Walter Mejia,peggybutler@shaffer-long.com,702 Anita Manors Apt. 983,,Kellyburgh,WV,51804,SW,TRN,S,20914,0,30,A,A,2024-04-30,2026-02-16,SYSTEM
100158,Solis PLC,Scott Pace,gmartin@kelley.com,434 Gregory Lake,,Port Josephport,KS,63111,MW,TRN,E,158138,0,45,A,A,2024-04-23,2026-02-16,SYSTEM
100159,"Watkins, Carney and Hughes",Marcus Thompson,xvargas@rivera-lopez.com,6765 Hebert Springs,,Travishaven,ND,07510,NE,RET,S,17951,0,15,A,A,2024-10-01,2026-02-16,SYSTEM
100160,"Greene, Brown and Wright",Jimmy Davis,morgan57@dunlap.biz,1343 Katie Throughway Apt. 483,,Lake Fernando,MA,97928,MW,FIN,M,68007,0,30,A,A,2024-10-20,2026-02-16,SYSTEM
100161,Moore Inc,Craig Cochran,jonathan35@ross.com,896 Walter Knoll Suite 208,,North Christy,NM,78614,SW,RET,M,90570,0,45,A,A,2024-12-27,2026-02-16,SYSTEM
100162,"Martin, Bates and Guerra",Shannon Hughes,crossian@bird.org,208 Jennifer Oval,,West David,DE,12889,NE,PRO,T,2275,0,30,A,A,2024-02-25,2026-02-16,SYSTEM
100163,Williams LLC,Jennifer Mills,malonegeorge@hall-powell.com,058 Gutierrez Spur,,Hendersonton,MS,46808,MW,HLT,T,7636,0,15,S,A,2024-03-07,2026-02-16,SYSTEM
100164,Sawyer-Trujillo,Elizabeth Burton,billy31@anthony.com,03753 John Union Suite 457,,East Ashlee,TX,07895,MW,HLT,T,8155,0,15,A,A,2024-04-24,2026-02-16,SYSTEM
100165,Casey-Dawson,Nicole Brady,saracardenas@phillips.com,7064 Michael Glen,,Michaelland,AL,08133,SW,FIN,E,491016,0,45,A,A,2024-12-09,2026-02-16,SYSTEM
100166,Franklin LLC,Erin Benton,james33@perez-saunders.com,428 Brian Wells Apt. 002,,Kirstenmouth,OK,65856,WE,RET,E,283173,0,45,A,A,2024-11-03,2026-02-16,SYSTEM
100167,Wang-Turner,Perry Byrd,jasoncantu@howard.net,91009 Whitehead Overpass,,Lake Jessicaborough,IA,74855,NE,TEC,M,58550,0,30,A,A,2024-02-17,2026-02-16,SYSTEM
100168,Salas Inc,Philip Hernandez,oscargreen@scott.com,97402 Evans Mountains,,Debratown,LA,75332,SE,PRO,E,343245,0,60,A,A,2024-04-03,2026-02-16,SYSTEM
100169,Davis-Smith,Kyle Carlson,stanleyrobert@riggs-murphy.net,647 Klein Vista,,Sandraburgh,OR,24236,MW,TEC,S,19410,0,15,A,A,2024-08-30,2026-02-16,SYSTEM
100170,Wolf-Price,Theresa Smith,uwagner@burke.net,791 Boyd Trace,,Barrettfurt,PA,77144,MW,HLT,E,262743,0,45,A,A,2024-08-24,2026-02-16,SYSTEM
100171,Calderon Ltd,Nicholas Wong,jessemcintosh@english.biz,305 Lori Crossing,,South Robert,AR,52850,NE,TRN,E,342594,0,60,A,A,2024-12-27,2026-02-16,SYSTEM
100172,"Graham, Moore and Frazier",Teresa King,jackie48@johnston.com,6232 Cruz Forks,,New Yolandashire,ME,43812,WE,RET,T,6267,0,30,A,I,2024-06-01,2026-02-16,SYSTEM
100173,Rodriguez-Hester,Kaitlin Johnson,uwilliams@brown.org,7293 Shelly Run Suite 712,,New Ryan,IN,79341,MW,HLT,E,364528,0,60,A,A,2024-06-07,2026-02-16,SYSTEM
100174,Shepherd PLC,Joshua Holmes,mcknightjoseph@woods-dean.com,5538 Jessica Burg,,West Johnfurt,MA,92288,WE,TEC,T,6962,0,30,H,A,2024-07-28,2026-02-16,SYSTEM
100175,"Sanchez, Cain and Stone",Kendra Webb,andrew62@warner.org,026 Thomas Glens Suite 562,,Davidview,SD,81514,MW,HLT,E,272852,0,30,A,A,2024-09-10,2026-02-16,SYSTEM
100176,"Chambers, Miller and Walsh",Jennifer Santiago,bgoodwin@morales.biz,6142 Gallagher Landing,,Johnfort,MP,92753,MW,HLT,M,43537,0,45,A,A,2024-07-01,2026-02-16,SYSTEM
100177,Brown and Sons,Tracy Carpenter,xmcmahon@myers.biz,538 Hammond Meadow,,Michaelside,WV,36289,WE,HLT,M,65577,0,45,A,A,2024-11-13,2026-02-16,SYSTEM
100178,Mitchell Group,Thomas Baker,roberto91@brennan.com,4582 Hernandez Pike Apt. 138,,Rachelport,NE,52801,SW,CON,E,109558,0,45,A,I,2024-07-27,2026-02-16,SYSTEM
100179,Hogan-Townsend,James Bush,pjohnson@guerrero.com,5345 Castillo Mews Suite 755,,Tiffanyhaven,AR,36294,SE,RET,T,3253,0,15,A,A,2024-11-27,2026-02-16,SYSTEM
100180,Kennedy-Jones,Tammy Diaz,rchambers@lawson.info,839 Jocelyn Fork,,Port Timothy,MI,61961,MW,TEC,E,413129,0,45,A,A,2024-03-04,2026-02-16,SYSTEM
100181,"Lambert, Mclaughlin and Parker",Jamie Gray,melissa53@hamilton.com,95995 Danielle Hills,,Port Lindseystad,UT,56231,SW,MFG,M,78852,0,45,A,A,2024-06-04,2026-02-16,SYSTEM
100182,"Fritz, Little and Martinez",Jennifer Coleman,lacey71@johnson.com,089 Rebecca Ferry,,Alexandrafurt,VI,98425,SW,RET,S,22498,0,15,A,A,2024-05-22,2026-02-16,SYSTEM
100183,Black Ltd,Joshua Jones,gonzalezrobert@higgins.com,281 Jacobs Inlet Suite 373,,Lake Meganchester,RI,31542,MW,PRO,M,85513,0,45,A,A,2024-06-17,2026-02-16,SYSTEM
100184,Bell PLC,Michael Davis,lphillips@atkins.com,114 Campbell Fall,,Huntershire,HI,09413,SE,TEC,M,57768,0,30,A,A,2024-04-09,2026-02-16,SYSTEM
100185,White Inc,Mrs. Jennifer Black,alyssa13@perez.net,78607 Samantha Via,,Lake Kelly,OR,30990,WE,HLT,E,249455,0,30,A,A,2024-04-30,2026-02-16,SYSTEM
100186,"Roberts, Gutierrez and Greene",Diane Chandler,jamescallahan@ingram.com,0102 Rachel Trace Suite 976,,North Steven,AS,80173,SW,HLT,M,54102,0,45,H,A,2024-06-19,2026-02-16,SYSTEM
100187,Watts-Burns,Dalton Pugh,tracybrown@salinas.com,4839 Sarah Knoll,,Arielberg,NH,51665,SW,CON,E,223615,0,45,S,A,2025-01-03,2026-02-16,SYSTEM
100188,Walton-Giles,John Yates,tcrawford@james.com,841 Phillips Terrace Apt. 206,,Duffyborough,NV,64218,NE,CON,S,9785,0,15,A,A,2024-05-21,2026-02-16,SYSTEM
100189,Wallace PLC,George Kirby,brewercharlotte@perez-collins.com,425 Morton Squares,,North Christopherside,WY,60643,SW,PRO,M,25688,0,30,A,A,2024-11-02,2026-02-16,SYSTEM
100190,"Maynard, Peck and Carpenter",Matthew Green,staffordheather@fisher.info,40185 Martin Village,,Ashleyview,MS,99809,NE,FIN,T,4893,0,30,A,A,2024-02-25,2026-02-16,SYSTEM
100191,"Anderson, Taylor and Sullivan",Lynn Wood,theresa00@reid.com,373 Rivera Village,,Bassstad,TX,23546,NE,HLT,T,9189,0,15,A,A,2024-11-05,2026-02-16,SYSTEM
100192,Ramos-Luna,Ryan Cunningham,qrobinson@suarez.com,967 Julie Pine Suite 241,,West Benjaminport,FL,59426,SW,MFG,S,16561,0,15,A,A,2024-12-05,2026-02-16,SYSTEM
100193,"Berry, Ray and Jones",Justin Campbell,emilywilliams@mitchell.biz,639 Krueger Trafficway,,Patriciatown,MN,17434,NE,MFG,S,17794,0,30,A,A,2024-07-10,2026-02-16,SYSTEM
100194,Parks Inc,Jason Young,agarcia@walsh-pope.com,738 David Plaza Apt. 222,,New Williamberg,NC,59847,NE,CON,S,7213,0,30,A,A,2024-11-25,2026-02-16,SYSTEM
100195,"Gonzales, Gordon and Wells",Bernard Valencia,natalie13@bishop.info,53379 Gina Orchard Suite 303,,Lake Cassandraland,CA,94566,SE,MFG,S,16544,0,30,A,A,2024-05-25,2026-02-16,SYSTEM
100196,"Benjamin, Smith and Hicks",Shannon Thomas,pcrosby@williams.biz,17521 Victor Corner Suite 746,,Mooremouth,OH,09287,SE,TEC,T,2033,0,30,A,A,2024-10-07,2026-02-16,SYSTEM
100197,"Torres, Carney and Brady",Kari Johnson,nelsonderek@nelson.com,579 Patrick Station Apt. 706,,Camachoport,AZ,08732,MW,FIN,E,370209,0,45,S,A,2024-09-10,2026-02-16,SYSTEM
100198,Lopez-Brown,Cheryl Delgado,dwalton@allen.com,48805 Christopher Branch Suite 981,,South Jesusfurt,MS,01098,SE,FIN,E,287157,0,30,H,A,2024-11-15,2026-02-16,SYSTEM
100199,Pollard-Randall,Kristen Bryan,pruittcurtis@harper.com,94168 Fox Plains,,South Kennethview,AZ,82380,SW,TRN,S,19409,0,30,A,A,2024-05-08,2026-02-16,SYSTEM
100200,"Andrews, Cox and Thomas",Joseph Hansen,josephthornton@wilkerson-smith.net,8513 Richard Land,,Jameston,ND,30410,WE,FIN,S,7707,0,30,A,A,2024-10-17,2026-02-16,SYSTEM
100201,Thompson Group,Ellen Benson,clintonspears@sanford.com,544 Diana Road,,Port William,MT,37442,MW,HLT,S,7623,0,30,A,A,2024-03-15,2026-02-16,SYSTEM
100202,Bentley-Cooper,Regina Rios,stephanie05@frank.com,7632 Francis Shoal Apt. 208,,Lake Christineside,PW,01351,SE,PRO,T,6759,0,30,A,A,2024-07-21,2026-02-16,SYSTEM
100203,"Mercer, Miller and Marshall",Richard Carpenter,colejoan@holder.com,127 Watkins Squares Apt. 925,,Claytonside,IL,82137,MW,MFG,T,2229,0,30,A,A,2024-10-28,2026-02-16,SYSTEM
100204,Smith Group,Ashley Daniel,glenda98@brown.biz,66181 Evans Lodge Suite 286,,West Abigailport,DC,45478,SE,PRO,E,118244,0,30,A,A,2024-07-14,2026-02-16,SYSTEM
100205,Kennedy-Duncan,Ivan Roberts,vfigueroa@murillo.com,9904 Stephanie Pines Apt. 229,,Danieltown,NC,22573,SW,MFG,S,24827,0,15,A,A,2024-07-11,2026-02-16,SYSTEM
100206,Wood Ltd,Lisa Baker,baldwinandrew@wright.org,33683 Fischer Crossroad,,Scottberg,FL,81312,NE,TEC,T,9674,0,30,A,A,2024-09-12,2026-02-16,SYSTEM
100207,"Harris, Galvan and Martinez",Mariah Williams,millerkyle@west-mason.com,027 Brianna Mews Apt. 047,,Scottchester,ID,98780,NE,TEC,E,361642,0,60,A,A,2024-09-05,2026-02-16,SYSTEM
100208,Lewis-Hebert,Jason White,william48@williams-green.com,20633 Anthony Springs,,Port William,CT,80561,SW,RET,S,14357,0,30,A,A,2024-12-11,2026-02-16,SYSTEM
100209,Brooks-Dennis,Kayla Howard,maryhanson@ramos-ramirez.com,26220 Jennifer Mission Apt. 577,,New Thomasmouth,NM,50179,SE,PRO,T,2438,0,30,A,A,2024-04-11,2026-02-16,SYSTEM
100210,Williams Ltd,Pedro Holmes,monicadyer@lucas.com,462 Noble Field Suite 114,,Perezchester,DE,89656,MW,TEC,S,10704,0,30,A,A,2024-10-07,2026-02-16,SYSTEM
100211,Leon Group,Rodney Richardson,kyle10@moreno.com,896 Dunn Village Suite 808,,Moniquehaven,OK,08890,SE,PRO,M,28445,0,45,A,A,2024-04-10,2026-02-16,SYSTEM
100212,"Thomas, Moran and Davis",William Garcia,ajones@barnes.com,715 Carey Harbor,,East Gabrielleberg,WY,57739,WE,HLT,M,33617,0,45,A,A,2024-05-17,2026-02-16,SYSTEM
100213,Cervantes Ltd,Eddie Wise,michaelnavarro@short.org,526 Angela Cove Apt. 784,,Shanemouth,OH,10356,SW,HLT,T,3053,0,30,A,A,2024-04-28,2026-02-16,SYSTEM
100214,Williams-Hubbard,Matthew Graham,justin67@wood-reynolds.biz,65193 Katie Stravenue,,Martinezfort,CO,79051,SE,TEC,S,9228,0,30,A,A,2024-11-15,2026-02-16,SYSTEM
100215,Wolfe Ltd,Morgan Perez,dayryan@knight.com,09515 Michael Terrace,,Johnsonmouth,KS,15126,MW,TEC,M,46229,0,45,H,A,2024-04-27,2026-02-16,SYSTEM
100216,Hayes-Perez,Pamela Turner,espinozarobert@martinez-martinez.com,4146 Bonnie Row,,South Beverly,PW,69360,NE,FIN,S,11432,0,30,A,A,2024-04-19,2026-02-16,SYSTEM
100217,"Thomas, Miller and Lopez",Jason Boyd,xcross@crosby.biz,996 Edward Gateway Suite 776,,Ethanfurt,MA,18223,WE,TEC,E,410278,0,60,A,A,2024-03-14,2026-02-16,SYSTEM
100218,Carter-Rodriguez,Lawrence Miller,sylviamorrison@arnold.com,396 Jensen Fords Apt. 028,,Melissabury,VT,88772,WE,MFG,S,5929,0,15,A,A,2024-03-28,2026-02-16,SYSTEM
100219,"Ellis, Jensen and Williams",Brian Sanders,djohnson@robles.biz,5814 Osborne Coves,,Moorefurt,MA,81283,SE,TRN,S,5992,0,30,H,A,2024-02-24,2026-02-16,SYSTEM
100220,Galvan-Myers,Jon Gardner,aaron81@williams.com,12429 Alexandra Village,,East Jessicatown,OR,99674,SW,RET,S,18306,0,30,A,A,2024-10-29,2026-02-16,SYSTEM
100221,Riley-Stark,Kimberly Parks,charlesmckee@forbes.info,9755 Joel Throughway,,West Whitneymouth,MP,40071,SW,PRO,T,8609,0,15,A,A,2024-08-07,2026-02-16,SYSTEM
100222,Jackson-Gray,Nancy Osborn,barryjeffrey@hopkins.com,88035 Barry Via Apt. 544,,Kristenfurt,AR,41108,SW,TEC,S,17141,0,15,A,A,2024-09-03,2026-02-16,SYSTEM
100223,Ryan and Sons,Elizabeth Weber,marylester@duke-stone.com,85315 Garrison Orchard Suite 871,,Whitneyburgh,PA,37721,SE,TEC,T,2586,0,15,A,A,2024-03-08,2026-02-16,SYSTEM
100224,Maldonado-Garcia,Kristina Morton,timothypeters@reese.info,203 Gibson Mission Suite 322,,East Jacob,WY,00770,SE,TEC,T,6364,0,30,A,A,2024-04-29,2026-02-16,SYSTEM
100225,"Potts, Jackson and Johnson",Jeremy Whitaker,thomasleblanc@newman.com,35160 Shah Groves Apt. 998,,West Thomas,SD,32028,SW,FIN,T,9148,0,15,A,A,2024-05-28,2026-02-16,SYSTEM
100226,Villegas and Sons,Dennis Smith,lyonsemily@simmons-lambert.info,2200 Guzman Keys Suite 499,,New James,MO,57898,SE,CON,M,31377,0,30,A,A,2024-02-18,2026-02-16,SYSTEM
100227,Wallace PLC,Andrea Maldonado,thomasrobinson@bell.com,7753 Paul Pike,,Prestonmouth,HI,68921,MW,MFG,T,2761,0,30,A,A,2024-07-14,2026-02-16,SYSTEM
100228,Gonzalez-Curtis,Gregory Johnson,carolyn30@stout.biz,266 Shannon Keys,,Lorimouth,RI,18299,MW,MFG,T,7563,0,15,A,A,2024-04-09,2026-02-16,SYSTEM
100229,Smith PLC,Robert Jordan,amyreynolds@jackson-mckinney.biz,3694 Hale Junctions Suite 043,,Ericborough,MD,08433,NE,TRN,S,21523,0,30,A,A,2024-03-04,2026-02-16,SYSTEM
100230,Dean Ltd,Mark Gentry,priscillahernandez@kennedy-watson.org,683 Ashley Station Apt. 327,,Lake Craigchester,MI,48724,SE,HLT,E,306518,0,45,A,A,2024-07-14,2026-02-16,SYSTEM
100231,"Greer, Warren and Decker",Lisa Bell,joel15@miller.net,188 Murphy Burg Suite 853,,Shawnstad,MH,94290,SE,TRN,M,90546,0,30,A,A,2024-07-31,2026-02-16,SYSTEM
100232,Barber-Pratt,Joshua Phillips,clarkbrittany@brennan.com,2353 Blair Courts,,South Jacqueline,MT,57524,WE,PRO,T,3440,0,15,A,A,2024-10-26,2026-02-16,SYSTEM
100233,Lynch-Smith,Elizabeth Harris,wongwilliam@long.net,063 Jeremy Landing Apt. 546,,East Kenneth,CA,41762,WE,FIN,T,6511,0,30,A,A,2025-01-09,2026-02-16,SYSTEM
100234,Garrett-Williams,Frank Escobar,nrivera@mason.net,5986 Newton Lodge Suite 819,,Alvarezshire,PR,50472,MW,HLT,S,18649,0,30,A,A,2024-03-01,2026-02-16,SYSTEM
100235,"Gallagher, Blackburn and Scott",Olivia Johnson,kelleymatthew@ball-ellis.com,033 Lee Well Suite 345,,West Joshua,KS,34949,WE,PRO,E,239214,0,60,A,A,2024-03-28,2026-02-16,SYSTEM
100236,"Wilson, Alexander and Hernandez",Marissa Parker,hwillis@rodriguez.com,46578 Mathis Ferry Suite 011,,Michellemouth,UT,90374,NE,PRO,M,47349,0,45,A,A,2025-01-01,2026-02-16,SYSTEM
100237,"Anderson, Diaz and Ellis",Eric Mitchell,thomas78@sanchez.com,76771 Durham Orchard,,Port Jonathanburgh,MA,34466,SE,MFG,E,331231,0,45,A,A,2024-10-05,2026-02-16,SYSTEM
100238,Pittman-Clark,Jose Richardson,kspencer@hodge.com,03232 Derek Keys,,Lake Chadmouth,MT,53292,WE,PRO,T,2020,0,15,A,A,2024-05-18,2026-02-16,SYSTEM
100239,Underwood-Olson,John Montgomery,abigailmartin@white.com,909 Rebecca Mill Suite 964,,South William,OH,17559,MW,TEC,T,8531,0,30,A,A,2024-02-23,2026-02-16,SYSTEM
100240,Conway and Sons,Lisa Gibson,hunterdustin@jordan.net,36579 Burch Junction,,West Zacharymouth,DC,39723,WE,PRO,S,11300,0,15,A,A,2024-08-18,2026-02-16,SYSTEM
100241,Smith-Gomez,Anne Rogers,dudleyangela@medina.biz,494 Powell Corners,,South Donna,RI,34387,SE,PRO,S,15388,0,30,A,A,2024-08-30,2026-02-16,SYSTEM
100242,"Peterson, Anderson and Flores",Lori Todd,randallgibson@wilson.org,335 Brady Mews Apt. 899,,Lake Haileytown,AZ,21493,NE,TRN,S,17928,0,30,S,A,2024-08-22,2026-02-16,SYSTEM
100243,Riddle and Sons,Phillip Sanchez,garciatimothy@mitchell.com,36679 Porter Course,,Comptonbury,MD,75543,MW,HLT,E,281594,0,45,A,A,2024-09-30,2026-02-16,SYSTEM
100244,Reynolds-Clay,Pam Gonzalez,iray@kennedy.com,8511 Howard Village Suite 772,,Espinozaview,ND,70597,WE,FIN,M,98664,0,45,A,A,2024-03-23,2026-02-16,SYSTEM
100245,"Romero, Gonzalez and Rodriguez",Brandon Miller,manuelwarren@gomez.com,9180 Vazquez Loop Apt. 103,,West Brian,TX,97490,SE,MFG,M,94604,0,30,A,A,2024-06-20,2026-02-16,SYSTEM
100246,Reed Group,Teresa Richardson,cobbalex@benson-odonnell.com,218 Alex Square,,East Michelle,HI,33214,SW,HLT,S,9504,0,15,S,I,2024-10-29,2026-02-16,SYSTEM
100247,"Griffin, Jones and Smith",Laura Manning,brandon47@hale-huff.com,818 Koch Corner,,Mckayton,MN,02203,SW,PRO,T,4267,0,30,A,A,2024-12-03,2026-02-16,SYSTEM
100248,Sanders-Hudson,Tammy Salas,james44@ramirez.com,92557 Foster Points,,Leonardport,TX,45326,WE,MFG,M,47946,0,45,H,A,2024-12-30,2026-02-16,SYSTEM
100249,Ortiz Inc,Nathan Liu,angelasmith@logan-ochoa.com,8618 Heather Road,,Patrickhaven,ME,01206,SW,TEC,T,5742,0,15,A,A,2024-11-24,2026-02-16,SYSTEM
100250,Moore LLC,Calvin Howard,moorejesse@weaver.com,3153 Young Divide Suite 483,,Lake Richard,MO,76564,MW,PRO,S,22802,0,30,H,A,2024-05-04,2026-02-16,SYSTEM
100251,Obrien-Turner,Ryan Reese,ejohnson@bell.biz,1908 Ward Lodge Suite 283,,South Tommymouth,NC,65847,MW,RET,T,2845,0,30,A,A,2024-09-08,2026-02-16,SYSTEM
100252,"Pacheco, Lopez and Romero",Kathryn Williams,grantdaugherty@lee.info,264 Tamara Port Apt. 559,,Michealtown,ID,59652,NE,CON,M,63669,0,30,A,A,2024-06-24,2026-02-16,SYSTEM
100253,"Sherman, Fields and Jones",Lisa Brown,peggysaunders@butler.com,878 Johnson Mountain,,North George,KS,50654,WE,CON,T,2421,0,30,A,A,2024-11-07,2026-02-16,SYSTEM
100254,Parker-Martinez,Christopher Robinson,mcleanmary@bowen.biz,3163 Mike Oval Suite 017,,Piercechester,ME,59434,MW,RET,T,1111,0,30,A,A,2024-09-03,2026-02-16,SYSTEM
100255,Keller-Melton,Nancy Buchanan,jessicacampbell@chapman.net,4365 Jason Alley Apt. 343,,Port Sharonshire,GA,11542,MW,MFG,S,13570,0,30,A,A,2024-11-18,2026-02-16,SYSTEM
100256,Ross-Robinson,Doris Huber,iholland@bass.com,8267 Solomon Field,,Lake Johnton,UT,86580,MW,TEC,T,7642,0,30,A,A,2024-08-19,2026-02-16,SYSTEM
100257,"Mendoza, Chapman and Alvarez",Mark Miranda,rebeccaowens@lopez.biz,78029 Wilson Flat,,East Leslie,AS,52702,WE,RET,S,12180,0,15,A,A,2024-03-13,2026-02-16,SYSTEM
100258,"Fernandez, Hernandez and Perry",Holly Miller,mark86@gibson.com,1957 Gibson Lane,,Carrollburgh,MD,55522,SW,PRO,S,22613,0,15,A,A,2024-03-18,2026-02-16,SYSTEM
100259,"Turner, Turner and Williams",Diane Evans,tmartinez@foster.com,92258 Cruz Inlet Apt. 466,,Garyport,NV,78849,WE,PRO,E,376914,0,60,A,A,2024-11-21,2026-02-16,SYSTEM
100260,Brooks-Holder,Kevin Barton,williamedwards@robles-carroll.com,9181 Davis Stravenue Suite 327,,Lewishaven,MT,03922,WE,RET,E,400260,0,60,A,A,2024-04-26,2026-02-16,SYSTEM
100261,Coleman and Sons,Wesley Mahoney,wjohnson@walsh.com,9021 Benjamin Village,,Susanburgh,SC,59282,NE,RET,T,9008,0,15,H,A,2024-12-20,2026-02-16,SYSTEM
100262,Mccormick-Jimenez,Robert Mcdonald,valeriejohnson@giles.com,1763 Munoz Highway,,South Katherine,PA,91704,SE,TRN,T,8484,0,15,A,A,2024-08-13,2026-02-16,SYSTEM
100263,Fernandez-Richardson,Joshua Craig,amber55@luna.com,7435 Hughes Path,,Thomasbury,ID,19748,SW,FIN,E,101580,0,60,A,A,2024-06-15,2026-02-16,SYSTEM
100264,Rocha and Sons,Gregory Yang,erichoward@ramsey-herrera.com,805 Combs Turnpike Suite 997,,Palmerstad,HI,80903,NE,MFG,S,7261,0,30,A,A,2024-11-09,2026-02-16,SYSTEM
100265,Morales-Warren,Derrick Greene,zmoreno@lara-finley.com,765 Gibson Run Suite 273,,Port Scott,IL,50397,MW,TRN,T,8348,0,30,A,A,2024-04-16,2026-02-16,SYSTEM
100266,Andersen-Brown,Lisa Williams,joseph43@shaw-ross.biz,02740 Thomas Bypass,,West Davidtown,MN,36905,MW,HLT,M,48392,0,45,A,A,2024-09-25,2026-02-16,SYSTEM
100267,Schultz Group,Jason Chan,troy76@brown-armstrong.info,9458 Stanton Meadow,,South Christinamouth,AS,01003,NE,FIN,E,342747,0,60,A,A,2024-07-07,2026-02-16,SYSTEM
100268,"Weber, Valdez and Goodman",Michele Mann,nathan27@brooks.net,831 Hogan Trace,,Taylorside,PW,32316,SE,PRO,M,70371,0,30,A,A,2024-11-21,2026-02-16,SYSTEM
100269,"Compton, Mason and Cruz",Thomas Bentley,lutzshelly@wilson-franklin.info,5322 Mitchell Orchard Suite 209,,Port Kennethmouth,AK,56493,SW,MFG,E,226178,0,30,A,A,2024-06-03,2026-02-16,SYSTEM
100270,Moore-Oneill,Anthony Bradford,jeffrey86@george-brooks.org,750 Kelly Brook,,Martinchester,UT,60293,SE,MFG,E,310902,0,45,A,A,2024-12-20,2026-02-16,SYSTEM
100271,Ayala and Sons,Natasha Hall,jonathanblack@cline-schultz.com,8161 Foster Wells Apt. 747,,South Gabriellefort,WV,81959,WE,FIN,M,55692,0,45,A,A,2024-08-06,2026-02-16,SYSTEM
100272,Rodriguez PLC,Luis Davis,chanson@russell.com,5768 Jon Mountain,,Mckinneyton,WY,79097,MW,TEC,M,93321,0,30,A,A,2024-04-07,2026-02-16,SYSTEM
100273,Black Group,Alexis Pena,bnelson@williams.com,4189 Valdez Canyon,,Campbellstad,KY,02265,SW,PRO,M,31145,0,45,H,A,2024-04-24,2026-02-16,SYSTEM
100274,"Santos, Wilkerson and Fisher",Eric Gonzales,charleswolfe@nichols-morgan.biz,42230 Copeland Parks Apt. 403,,Jessicahaven,ID,54800,SW,TRN,S,9889,0,30,A,A,2024-05-20,2026-02-16,SYSTEM
100275,Cook-Johnson,Amanda Reynolds,jamessmith@carroll-lee.net,0965 Diaz Port,,East Brendaview,TN,96904,SE,FIN,M,43920,0,45,H,A,2024-06-18,2026-02-16,SYSTEM
100276,Frost-Franklin,Mark Smith,kylerojas@carr.com,412 Adam Hill Apt. 942,,New Susan,AR,40673,SW,RET,M,58422,0,30,A,A,2024-06-01,2026-02-16,SYSTEM
100277,Nielsen and Sons,Timothy Reed,nspencer@rodriguez.info,121 Frank Estates,,New Troyshire,IA,79144,NE,RET,S,6688,0,30,A,A,2024-12-28,2026-02-16,SYSTEM
100278,"Barber, Schneider and Reed",Jessica Thompson,michelle38@johnson.com,5351 Joshua Ramp Apt. 867,,Port Richardport,WA,43164,SE,RET,E,351340,0,30,H,A,2025-01-10,2026-02-16,SYSTEM
100279,"Brown, Pena and Cole",Jeff White,randy25@underwood-frank.net,584 Michael Streets Suite 878,,Briantown,MH,58107,SE,HLT,M,87773,0,30,A,A,2024-06-28,2026-02-16,SYSTEM
100280,"Shah, Jones and Nguyen",Shannon Beltran,david75@forbes.com,305 Samantha Crest,,Foleyland,DE,55698,WE,CON,M,62101,0,45,A,A,2024-08-13,2026-02-16,SYSTEM
100281,Ward-Reed,Larry Wilson,robert71@morgan.org,54679 Christopher Skyway Suite 275,,South Jordan,IN,91553,MW,PRO,S,20270,0,15,A,A,2024-08-07,2026-02-16,SYSTEM
100282,Dawson Inc,Randall Mathis,tylerbrooks@chavez.com,4188 Fields Stream Apt. 155,,Markmouth,CO,38522,MW,CON,M,79254,0,30,A,A,2024-11-04,2026-02-16,SYSTEM
100283,Davis PLC,James Bentley,pcowan@bernard-ellis.com,45983 Hernandez Island,,Johnville,PA,99188,MW,TRN,E,254765,0,30,A,A,2024-04-01,2026-02-16,SYSTEM
100284,Pope-Santiago,Michelle Carroll,marquezkaren@bishop.biz,73218 Olson Expressway Suite 623,,Hartton,IA,03496,SW,CON,M,58728,0,45,S,A,2024-05-11,2026-02-16,SYSTEM
100285,"Waters, Jackson and Williams",Timothy Martin,amanda87@thomas-berry.com,047 Pham Knolls Suite 133,,South Jessicaville,VI,72228,SE,CON,T,3773,0,15,A,A,2024-04-15,2026-02-16,SYSTEM
100286,Dunlap PLC,Sheri Hahn MD,hwalker@burke.com,82590 Thomas Ville Suite 642,,Howelltown,WA,95571,WE,MFG,E,138970,0,60,A,A,2024-11-08,2026-02-16,SYSTEM
100287,Barr Group,Tyler Daniels,zcraig@garcia-mills.com,56366 Jerry Circles Suite 356,,Port Shelby,SC,74275,NE,TEC,M,26198,0,30,A,A,2024-03-07,2026-02-16,SYSTEM
100288,Lopez-Morales,Alexander Schmidt,rpierce@baker-smith.info,29775 James Street Suite 731,,North Samantha,MD,27860,SW,MFG,T,1108,0,30,A,A,2024-08-30,2026-02-16,SYSTEM
100289,Cooper-Freeman,Michael Lopez,tiffany62@davis.com,8608 Wright Mall Suite 602,,South Veronicachester,MN,57051,NE,TRN,S,10874,0,15,H,A,2024-09-16,2026-02-16,SYSTEM
100290,"Eaton, Thompson and Fischer",Beth White,ajones@griffin.org,45520 Christina Mountains Suite 833,,Port Williambury,VI,91315,WE,FIN,M,71457,0,45,A,A,2024-06-24,2026-02-16,SYSTEM
100291,Parker-Morgan,Jeremy Mccullough,alexanderbrian@bartlett.info,0489 Jonathan Squares,,East Joseph,DE,17340,WE,RET,T,4700,0,30,A,A,2024-02-18,2026-02-16,SYSTEM
100292,"Ramsey, Hensley and Murphy",James Sherman,imartinez@west.info,34406 Sawyer Terrace Suite 545,,Lake Dalton,AS,30459,NE,TRN,E,298843,0,45,A,A,2025-01-13,2026-02-16,SYSTEM
100293,Hill-Armstrong,Robert Fischer,sotomarie@brown.org,09695 Jones Forest Suite 926,,North Jesus,IL,77950,NE,PRO,M,81873,0,45,A,A,2024-11-30,2026-02-16,SYSTEM
100294,White-Wilson,Daniel Huerta,nicholas18@davis-brown.org,98839 Matthews Mews Apt. 808,,South Chloestad,MA,80273,SE,RET,E,462958,0,60,A,A,2024-12-10,2026-02-16,SYSTEM
100295,"Wright, Anthony and Burgess",Michael Kerr,fward@boyd.biz,0801 Renee Pike,,Lake Jeremy,AS,80152,WE,MFG,S,10877,0,30,A,A,2024-11-05,2026-02-16,SYSTEM
100296,Olson-Rojas,Jeffery Chase,wellsfrank@kelly.com,953 Morton Loaf,,Bentontown,MI,53872,NE,FIN,T,3661,0,15,A,A,2024-04-16,2026-02-16,SYSTEM
100297,Watts-Patel,Todd Holland,bakerdwayne@scott.com,87934 Mooney Extension Apt. 469,,Josephmouth,MD,58592,SW,TEC,S,7569,0,30,A,A,2024-12-10,2026-02-16,SYSTEM
100298,Morgan Group,Emily Clark,brownapril@johnson.info,9926 Tran Rapid,,New Kevin,CA,20187,WE,TRN,S,15694,0,15,A,A,2024-06-01,2026-02-16,SYSTEM
100299,Davies-Ellis,Michael Choi,foxkristin@porter.com,217 Gonzalez Spur Apt. 371,,New Scott,NV,51908,SE,CON,T,7150,0,30,A,A,2024-07-07,2026-02-16,SYSTEM
100300,Mullen Inc,Thomas Williams,dbrown@chaney.com,04509 Dean Station Apt. 549,,Jameschester,TX,35148,WE,FIN,E,229210,0,60,A,A,2024-07-07,2026-02-16,SYSTEM
100301,"Johnson, Ford and Smith",John Nelson,carteralisha@smith.info,235 Mcdaniel Grove Suite 554,,New Stephaniemouth,IN,16990,SW,CON,M,72277,0,30,A,A,2024-06-04,2026-02-16,SYSTEM
100302,Foster-Smith,Rachael Valdez MD,qhale@koch.com,90650 Steven Mountain Apt. 390,,Pottsstad,MH,94707,MW,HLT,S,9341,0,15,A,A,2024-04-08,2026-02-16,SYSTEM
100303,Morris and Sons,Phillip Patel,jacksonjeffrey@stuart.com,28474 Moore Pines Suite 435,,Stonemouth,NY,18369,NE,MFG,T,2468,0,30,A,A,2024-08-04,2026-02-16,SYSTEM
100304,Kennedy-Conley,Felicia Smith,george33@collins.org,843 Jared Mall,,New Ryanbury,VA,37405,NE,FIN,T,7779,0,30,A,A,2024-04-06,2026-02-16,SYSTEM
100305,Love LLC,Jeremy Wilcox,leslieirwin@walker.com,01622 Benton Run Apt. 144,,Richardhaven,GU,07948,WE,TEC,M,74903,0,30,A,A,2024-05-10,2026-02-16,SYSTEM
100306,Carrillo Group,Natalie Allen,qmontgomery@smith-keith.com,63138 Scott Roads,,West Tammymouth,VT,07248,NE,TEC,M,81973,0,45,A,A,2024-12-09,2026-02-16,SYSTEM
100307,"Kirk, Cohen and Perry",Michael Hopkins,wsimpson@stevenson-martinez.com,10164 Woods Curve Apt. 162,,Whiteside,IL,89374,MW,RET,S,21246,0,15,A,A,2025-01-14,2026-02-16,SYSTEM
100308,Phillips and Sons,John Hunter,danielchapman@young.com,360 Cindy Meadow,,West Danielleshire,TX,15166,MW,TRN,T,6399,0,30,A,A,2024-02-19,2026-02-16,SYSTEM
100309,Acosta-Hall,Tina Evans,perezcole@coffey.net,03172 Matthew Junctions Suite 059,,Walkerland,PW,68355,MW,CON,M,51326,0,45,A,I,2024-08-07,2026-02-16,SYSTEM
100310,Roberson-Hart,Dawn Oneal,staceycox@kirk.info,80857 Wright Flat Apt. 961,,New Cindy,DC,41348,SW,RET,S,15678,0,30,A,A,2024-07-15,2026-02-16,SYSTEM
100311,Sandoval LLC,Nathan Wood,hguerrero@evans.com,154 Flynn Locks Suite 736,,North Jennifer,IN,97041,WE,RET,E,410497,0,60,A,A,2025-01-04,2026-02-16,SYSTEM
100312,Hayes-Levy,Wanda Bailey,jhunter@stewart.com,45430 Monique Alley Apt. 804,,South Juan,PR,04868,SE,PRO,T,5773,0,15,A,A,2024-06-22,2026-02-16,SYSTEM
100313,Mathis LLC,Rachel Simmons,spencergreene@zimmerman-garcia.com,690 Spencer Pine,,South Clarenceville,NE,51008,SE,FIN,T,4965,0,30,A,A,2024-07-08,2026-02-16,SYSTEM
100314,White and Sons,Richard Anderson,dstewart@valentine.biz,465 Payne Field,,Brandibury,MD,41282,SW,PRO,E,405263,0,45,A,A,2024-06-17,2026-02-16,SYSTEM
100315,"Cunningham, Brandt and Burgess",Tamara Hayes,josephwood@graves-pineda.org,40259 Carter Junction,,Port Valerie,AR,89641,MW,HLT,E,157341,0,30,A,A,2024-02-21,2026-02-16,SYSTEM
100316,"Williams, Nielsen and Owens",Sharon Pena,chad96@ortiz.net,4580 Thomas Crescent,,New Sarah,MN,97298,WE,TRN,E,494622,0,45,S,A,2025-01-12,2026-02-16,SYSTEM
100317,"Burns, Ramsey and Johnson",Kathleen Griffin,carsoncharles@smith-moses.info,14973 Gould Vista Suite 459,,Port Michaelton,CO,43228,MW,RET,E,367741,0,60,A,A,2024-03-29,2026-02-16,SYSTEM
100318,Rodriguez-Smith,Willie Trevino,bensonsamuel@cohen.biz,29168 Maddox Groves Apt. 041,,West Heatherland,HI,94708,SW,CON,M,76266,0,45,A,A,2024-05-06,2026-02-16,SYSTEM
100319,Blair LLC,Norma Martinez,hurleyemily@irwin.biz,260 Hernandez Highway Apt. 664,,New Karenmouth,KY,20183,MW,MFG,M,88277,0,30,A,A,2024-12-05,2026-02-16,SYSTEM
100320,"Page, Garcia and Cooper",Melissa Scott,john50@cain-ware.com,15865 Waller Cove,,Stantonton,AL,64187,SE,CON,E,263520,0,45,A,A,2024-05-15,2026-02-16,SYSTEM
100321,Castillo-Camacho,Jimmy Miller,bfisher@vargas.org,25423 Church Passage Apt. 731,,Nealfurt,NV,52868,SW,HLT,S,19357,0,30,A,A,2024-11-20,2026-02-16,SYSTEM
100322,"Terrell, Blake and Ramirez",James Olsen,rodriguezmonica@hall.net,46697 Donna Ford Apt. 711,,Port Jasonville,CT,91308,MW,HLT,E,455016,0,30,H,A,2024-04-28,2026-02-16,SYSTEM
100323,Parker-Erickson,Gary Leonard,josephmcguire@young.com,88953 Paul Mission,,South Brandonbury,AS,16775,WE,TEC,M,68383,0,45,S,A,2024-06-24,2026-02-16,SYSTEM
100324,"Thompson, Ramirez and Conway",Anthony Patterson,lreese@chaney.com,133 Andrew Vista,,Lyonsville,IA,02697,SE,TRN,M,76849,0,30,A,A,2024-06-01,2026-02-16,SYSTEM
100325,"Smith, Miller and Lopez",Lisa Best,richard66@hicks-smith.com,5527 Brooke Streets,,Kathleenborough,DC,27969,SW,MFG,T,4519,0,15,A,A,2024-12-16,2026-02-16,SYSTEM
100326,Morgan Ltd,Ashley Ellis,jonespatricia@silva.org,863 Mason Avenue Apt. 793,,West Kathleen,FL,57329,WE,TEC,E,291780,0,45,A,A,2024-05-12,2026-02-16,SYSTEM
100327,Greer Ltd,Beth Gutierrez,sanchezphillip@davenport-foster.org,1650 Zimmerman Extensions,,Johnchester,OH,84705,WE,TRN,S,17862,0,15,A,A,2024-03-07,2026-02-16,SYSTEM
100328,Martinez-Cox,Cameron Martinez,gordonwanda@rodriguez-smith.com,89135 Jackson Hills,,Matthewhaven,FL,39242,MW,HLT,M,42556,0,45,A,A,2024-10-16,2026-02-16,SYSTEM
100329,"Castillo, Castillo and Snyder",Anna Gardner,tbarker@rios.com,390 Christopher Stream Apt. 015,,Robertville,OH,67413,SE,TRN,S,18704,0,15,A,A,2024-05-13,2026-02-16,SYSTEM
100330,"Ray, Colon and Everett",Keith Cox,brownjane@figueroa.com,60765 Bell Center,,Blackshire,NE,88575,WE,TEC,M,89178,0,45,A,A,2024-06-01,2026-02-16,SYSTEM
100331,Davis-Moore,Madison Hernandez,wrightmartin@anderson-hill.com,5202 Watts Street Suite 272,,Perrymouth,MH,16326,MW,MFG,E,354074,0,30,A,A,2024-04-05,2026-02-16,SYSTEM
100332,Simmons Group,Mr. Jose Calderon,uhumphrey@hill.org,188 Cohen Pine,,Perezport,MH,50890,SW,PRO,T,7809,0,30,A,A,2025-01-02,2026-02-16,SYSTEM
100333,"Davis, Hays and Wolfe",Keith Smith,gonzalesstephanie@sawyer-nichols.biz,830 Larsen Station,,East Tracey,TN,70617,MW,MFG,M,61025,0,30,A,A,2024-05-28,2026-02-16,SYSTEM
100334,Arellano-Caldwell,Timothy Green,atkinsjessica@rodriguez.org,938 Michael Field Suite 415,,Walshtown,NE,16623,WE,HLT,T,2871,0,30,A,A,2024-07-14,2026-02-16,SYSTEM
100335,Brown Inc,Joanne Moore,bradleyjacob@diaz.biz,5560 Daniel Way Apt. 506,,New Mallory,HI,31655,SW,RET,E,322903,0,30,A,A,2024-09-13,2026-02-16,SYSTEM
100336,Fernandez and Sons,Lauren Romero,yhall@ramirez.net,83044 Mclaughlin Trail Apt. 310,,New Johnbury,VA,28267,NE,PRO,S,13611,0,30,H,A,2024-11-18,2026-02-16,SYSTEM
100337,Nichols PLC,Paul Brewer,david36@haynes.com,72472 Daniel Valleys,,Rosston,NC,19434,SE,CON,M,81120,0,30,A,A,2024-10-04,2026-02-16,SYSTEM
100338,Turner LLC,Ebony Bailey,zrobinson@ross.com,1144 Douglas Center,,Jamieland,ID,68753,WE,CON,E,379068,0,45,A,A,2024-08-21,2026-02-16,SYSTEM
100339,Kline-Rodriguez,Adrian Haley,hartmanmelissa@strickland-perez.org,371 Christine Avenue,,Maxwellmouth,NC,36879,WE,FIN,S,21856,0,15,A,A,2024-06-21,2026-02-16,SYSTEM
100340,Mccoy-Fox,Christy Ward,pfletcher@garcia-smith.com,75620 Orr Squares Apt. 613,,South Maria,SD,08798,MW,TEC,E,467749,0,30,A,A,2024-09-13,2026-02-16,SYSTEM
100341,Terry-Mendoza,Thomas Fuller,hawkinskaitlyn@francis.com,86420 Elizabeth Garden Suite 838,,Summersfurt,CA,95625,SW,TEC,T,5402,0,30,A,A,2024-12-01,2026-02-16,SYSTEM
100342,Brady-Castillo,Joseph Wolf,johnsonjames@green.info,361 Miller Village Apt. 944,,West Megan,LA,95314,WE,FIN,T,7046,0,30,S,A,2025-01-16,2026-02-16,SYSTEM
100343,Gates-Harrison,Michael Leonard,zosborn@armstrong-middleton.info,6447 Davis Park Apt. 331,,Nicoleton,MA,55378,SW,CON,E,133203,0,60,A,I,2024-10-01,2026-02-16,SYSTEM
100344,"Yang, Roman and Meadows",Jennifer Allen,afisher@warren.com,62903 Holmes Grove Apt. 574,,New Christiemouth,WV,10278,MW,CON,T,5646,0,30,A,A,2024-05-14,2026-02-16,SYSTEM
100345,"Jones, Miller and Manning",Timothy Ramos,kathrynwilliams@medina-campbell.net,2838 Allen Causeway,,Shawnmouth,AL,20451,NE,MFG,S,8262,0,30,A,A,2024-10-29,2026-02-16,SYSTEM
100346,"Wilson, Brown and Choi",Barbara Nichols,laurenfleming@jensen.net,2314 Boone Lodge Apt. 003,,Robertport,AS,87351,SW,MFG,T,8009,0,15,S,A,2024-02-20,2026-02-16,SYSTEM
100347,Montgomery LLC,Natalie Villanueva,rharvey@klein.biz,333 Cox Trace,,East Jesus,MH,09083,SE,FIN,S,8058,0,30,A,A,2024-02-20,2026-02-16,SYSTEM
100348,Woods-Valdez,Eric Ho,brucebarnes@white-mcgee.com,77829 Ashley Isle,,East Sara,ID,36081,NE,TRN,M,65043,0,30,A,A,2024-11-30,2026-02-16,SYSTEM
100349,Webster-Turner,Kevin Perry,shannon01@horne.com,7283 Darren Dale Suite 096,,Port Rebecca,AR,42304,SE,PRO,E,140862,0,30,A,A,2024-06-04,2026-02-16,SYSTEM
100350,Rose-Ramsey,Katelyn Johnson,donaldhicks@vazquez.com,39175 Lowe Dale,,New Matthewhaven,NV,95455,NE,CON,E,163225,0,45,A,A,2024-09-22,2026-02-16,SYSTEM
100351,Lawson and Sons,Benjamin Wade,alanvargas@smith.com,482 Brown Lights Apt. 606,,Haneytown,AZ,69743,NE,HLT,T,2690,0,30,A,A,2024-07-06,2026-02-16,SYSTEM
100352,"Summers, Taylor and Allen",Greg Romero,yhall@white.com,4242 King Mission,,South Danielle,SC,22253,SE,HLT,M,94534,0,30,A,A,2024-07-22,2026-02-16,SYSTEM
100353,Wyatt Ltd,Daniel Henry,robinsontravis@edwards.com,4818 Gerald Track Apt. 633,,Michaelchester,VA,75110,SE,TRN,M,82984,0,30,A,A,2024-11-15,2026-02-16,SYSTEM
100354,Robinson-Curry,Angela Williams,jocelynchoi@white.com,1105 Diaz Rest Apt. 467,,South Austinborough,NC,39584,MW,TRN,T,6152,0,15,A,A,2024-09-12,2026-02-16,SYSTEM
100355,Adams Group,Donald Mitchell,whitejennifer@wilson.info,66278 Miller Isle,,Johnstonstad,MD,03291,NE,FIN,S,11732,0,15,A,A,2024-12-21,2026-02-16,SYSTEM
100356,"Hunter, Nelson and Hamilton",Glenn Simmons,anthony94@johnson.com,55366 Nicole Land Suite 791,,Michellebury,AK,49033,SW,TRN,M,39777,0,30,A,A,2024-04-22,2026-02-16,SYSTEM
100357,Adams PLC,Joseph Davis,xsmith@grant.com,9218 Alejandra Drive Apt. 614,,Carlosborough,VT,09961,MW,CON,E,169197,0,45,H,A,2024-07-14,2026-02-16,SYSTEM
100358,"Merritt, Rojas and Davis",Kayla Williams DDS,greenamanda@davidson-lee.com,810 Donald Spurs,,South Rebeccastad,DE,34966,SW,HLT,M,27187,0,30,A,A,2024-12-18,2026-02-16,SYSTEM
100359,Trujillo-Knapp,Daniel Collins,justin91@little.com,76683 Rebecca Pine Suite 761,,Chelseatown,AZ,65032,WE,FIN,T,9209,0,30,A,A,2024-02-25,2026-02-16,SYSTEM
100360,"Curtis, Moran and Perry",Mark Davis,robertclark@knight.biz,44206 Brennan Cove,,West Raymondtown,AK,49261,MW,HLT,M,65620,0,30,A,A,2024-10-30,2026-02-16,SYSTEM
100361,Cunningham PLC,Paula Evans,briangonzales@burns-lane.com,168 Elizabeth Mountain Apt. 291,,Douglasfurt,MI,03953,SW,HLT,S,15163,0,30,A,A,2024-12-19,2026-02-16,SYSTEM
100362,Terrell LLC,Lori Moore,sullivannathan@willis-carpenter.com,6482 Aguirre Overpass,,Lake Sandraland,FM,19541,NE,TRN,M,40202,0,45,A,A,2024-10-20,2026-02-16,SYSTEM
100363,"Charles, Anderson and Gutierrez",Jennifer Flowers,jessicalewis@cruz.com,6370 Ashley Shoals Suite 333,,East Amberhaven,CO,86692,NE,TEC,E,467787,0,30,A,I,2024-04-25,2026-02-16,SYSTEM
100364,"Mcclure, Montgomery and French",Olivia Good,foxreginald@price-mathews.info,2259 Nicholas Islands Apt. 668,,West Charlesbury,NV,74799,SE,CON,S,9159,0,30,A,A,2025-01-02,2026-02-16,SYSTEM
100365,"Brady, Warner and Greene",Mary Martin,martinezelizabeth@jenkins.info,357 Alexander Glen,,East Ariel,WY,68487,SW,FIN,S,22165,0,15,A,I,2024-03-02,2026-02-16,SYSTEM
100366,West Inc,Amy Miller,jeffery05@olson.com,77598 Maria Knoll,,Lake Danielleton,MP,65316,SW,PRO,E,367796,0,45,A,A,2024-10-24,2026-02-16,SYSTEM
100367,"Riley, Singleton and Salas",Raven Lawson,kevin59@johnson-mosley.com,1921 Anderson Ramp,,New Jeffreystad,SD,82652,SE,FIN,S,8371,0,15,A,A,2024-12-26,2026-02-16,SYSTEM
100368,Warren-Ramirez,Kevin Payne,josephduffy@cohen.biz,1080 Lester Harbors Apt. 720,,Smithchester,OH,04858,SE,MFG,E,347340,0,45,A,A,2024-12-30,2026-02-16,SYSTEM
100369,Ortega-Smith,Justin Bennett,danielle57@horton.com,5605 Shannon Rue,,Floresville,LA,20857,SE,CON,T,5067,0,30,H,A,2024-12-09,2026-02-16,SYSTEM
100370,Baker Group,Joanna Burton,sarahclark@ward.com,924 Jessica Views Suite 534,,Travisview,NY,18318,NE,MFG,S,10876,0,15,A,I,2024-06-26,2026-02-16,SYSTEM
100371,Sanders-Green,Christina Miller,danielskimberly@williamson.net,498 Clark Meadow,,Walkerhaven,NM,61368,SW,FIN,E,262895,0,45,A,A,2024-07-13,2026-02-16,SYSTEM
100372,"Nichols, Curtis and Bradley",Robert Sanders,wsims@soto.com,606 Victoria Fields,,Christinastad,ID,51853,MW,FIN,M,56795,0,45,A,I,2024-10-09,2026-02-16,SYSTEM
100373,Jackson-Nelson,Veronica Frazier,rtaylor@santiago.com,13586 Matthew Village,,Beckerton,PW,62606,SE,MFG,M,78744,0,30,A,A,2025-01-13,2026-02-16,SYSTEM
100374,Jackson LLC,Renee Klein,rodriguezalicia@calderon.net,3496 Shaw Manor,,North Sarahtown,AK,78486,NE,TRN,S,15076,0,15,A,I,2024-06-17,2026-02-16,SYSTEM
100375,"Prince, Gutierrez and Johnson",Christine Christensen,michael71@campos.com,37169 Jessica Wall Suite 580,,Brownside,WY,09426,NE,TEC,T,5584,0,15,A,A,2024-04-26,2026-02-16,SYSTEM
100376,Mcintyre-Williams,Juan Mccall,wilsonashley@sellers.com,56644 Laura Roads,,Lake Michael,NC,29810,MW,PRO,T,2391,0,15,A,A,2024-06-30,2026-02-16,SYSTEM
100377,Cabrera Group,Christian Sharp,travis26@harvey.com,283 Scott Rest Apt. 625,,Nelsontown,UT,93927,WE,MFG,E,328056,0,60,S,A,2024-09-06,2026-02-16,SYSTEM
100378,Williams-Barrett,Matthew Park,paulrollins@ramos.com,186 Karen Orchard,,West Susan,VI,98252,SW,CON,S,15422,0,30,A,A,2024-10-06,2026-02-16,SYSTEM
100379,Williams Inc,Kathleen Ross,ucamacho@perry-foley.com,786 Velasquez Lakes,,Bridgesmouth,VI,79589,WE,HLT,M,45369,0,30,A,A,2024-06-23,2026-02-16,SYSTEM
100380,Price-Barrett,Shannon Jones,velazquezchristopher@le-gray.com,660 Kayla Cove Apt. 137,,Vargashaven,GA,13081,WE,CON,E,208861,0,45,A,A,2024-11-17,2026-02-16,SYSTEM
100381,Taylor-Washington,Chelsea Davidson,abigail79@shepard-rowe.com,27617 Olivia Summit Apt. 578,,Port Melissaport,IN,27405,SE,FIN,E,469468,0,60,A,A,2024-08-03,2026-02-16,SYSTEM
100382,Scott-Miller,Kathy Burnett,martinwendy@figueroa-barnett.biz,44602 Herman Forest,,East Kimberly,ND,75089,NE,RET,M,71627,0,45,A,A,2024-09-06,2026-02-16,SYSTEM
100383,"Barber, Becker and Johnson",Natalie Mitchell,mgomez@smith.net,614 Alan Divide,,Lake Lindsey,TN,47685,NE,TRN,M,84270,0,30,A,A,2024-11-07,2026-02-16,SYSTEM
100384,Simmons-Gill,James Martinez,cdavis@ruiz.net,09202 Martinez Light Suite 349,,North Elizabethfurt,MI,69452,NE,MFG,E,216543,0,30,A,A,2024-03-01,2026-02-16,SYSTEM
100385,Fowler Inc,Charles Black,faustin@williamson.net,7275 Hughes Summit,,New Johnmouth,ID,76430,WE,FIN,E,139314,0,30,S,A,2024-02-22,2026-02-16,SYSTEM
100386,Williams LLC,Marcus Benton,kellyangela@nolan.net,530 Gaines Field,,South Randall,IA,20065,SE,HLT,T,6432,0,15,A,A,2024-10-23,2026-02-16,SYSTEM
100387,"Perez, Anderson and Warren",Kristin Simpson,davidgreen@williamson.com,65801 Porter Gateway,,New Katherineland,NV,99183,SW,PRO,T,1483,0,30,A,A,2024-09-30,2026-02-16,SYSTEM
100388,Miller-Matthews,James Lopez,mmoore@bryant.com,1411 Tucker Courts Apt. 187,,West David,IN,50271,MW,FIN,M,83459,0,30,A,A,2024-09-14,2026-02-16,SYSTEM
100389,Williams-Underwood,Gregg Camacho,markmadden@jones.net,214 Ingram Ports Suite 953,,South Sandraside,NV,43818,SW,TRN,S,23044,0,30,A,A,2024-11-08,2026-02-16,SYSTEM
100390,"Gallagher, Velasquez and Rivera",Mr. Kyle Moore,rodriguezashley@wilson.com,6114 Caroline Islands Suite 640,,Welchhaven,DE,27515,SE,RET,T,9907,0,15,S,A,2024-07-18,2026-02-16,SYSTEM
100391,Santos PLC,Denise Cuevas,joshuareed@berg-chavez.net,4589 Pena Light Apt. 126,,East Tammyburgh,GU,01545,WE,PRO,T,6636,0,30,A,A,2024-08-07,2026-02-16,SYSTEM
100392,Parker-Wright,Jo Perry,omiller@jacobs.com,030 James Islands Suite 188,,Lake Isaac,OR,45886,NE,FIN,M,32679,0,45,A,A,2024-09-20,2026-02-16,SYSTEM
100393,Hunt-Mcclure,Dustin Ramos,matthewrobertson@sosa.com,78704 Bell Valley,,Hinesport,AK,77861,NE,RET,M,56608,0,45,A,A,2024-12-20,2026-02-16,SYSTEM
100394,Harper LLC,Jordan Evans,xmeyer@cooper.com,09776 James Extension,,Seanborough,HI,22965,WE,TRN,M,71504,0,30,A,A,2024-07-18,2026-02-16,SYSTEM
100395,Miller LLC,Steven Curry,adamscasey@myers.com,571 Ramirez Overpass Apt. 034,,Sarahburgh,GU,33641,MW,TEC,E,395231,0,30,A,A,2024-05-10,2026-02-16,SYSTEM
100396,"Obrien, Harris and Flores",Erin Ballard,harriskent@wilkinson.com,4603 Tanner Shoal,,Millerstad,CA,95012,SE,PRO,S,6243,0,15,A,A,2025-01-07,2026-02-16,SYSTEM
100397,Ramos-Sherman,Austin Ingram,faithguzman@martinez.com,6532 Kimberly Ports Suite 562,,Gonzalezbury,KY,21786,NE,CON,T,4300,0,15,A,A,2024-08-05,2026-02-16,SYSTEM
100398,Benson-Schultz,Cody Jones,susanflores@williams.com,250 Stafford Village,,Trujillofurt,SD,31567,NE,TEC,E,407552,0,60,H,A,2024-04-23,2026-02-16,SYSTEM
100399,"Navarro, Richardson and Ellis",John Hernandez,robertsjessica@lopez.com,7512 Acosta Forge,,Ashleyfurt,GU,64840,NE,CON,S,17962,0,15,A,A,2024-10-29,2026-02-16,SYSTEM
100400,Blair LLC,Anthony Hernandez,robert87@young-thomas.com,2385 Brittany Trail,,New Wayneshire,CT,14324,SW,CON,T,3854,0,30,A,A,2024-10-20,2026-02-16,SYSTEM
100401,Christian-Banks,Philip Smith,flemingkenneth@scott.com,4172 Anna Roads Apt. 977,,Reyesburgh,ND,48689,MW,FIN,T,3086,0,15,A,A,2024-03-30,2026-02-16,SYSTEM
100402,Ford-Jordan,James Obrien,emolina@dickerson-sawyer.info,114 Wilson Drives Suite 060,,West Diana,NM,28364,WE,MFG,T,3983,0,30,H,I,2024-09-26,2026-02-16,SYSTEM
100403,Diaz-Nielsen,Alexandra Pierce,floresalexandra@elliott-oliver.com,7702 Albert Street Apt. 285,,East Jacob,WI,81027,SW,TEC,E,273627,0,60,A,A,2024-08-07,2026-02-16,SYSTEM
100404,Harrison-Pierce,Cindy Peterson,natashavaldez@weeks-white.info,1501 Clifford Land Suite 770,,Willietown,FM,97496,NE,CON,M,83540,0,30,A,A,2024-12-14,2026-02-16,SYSTEM
100405,Wise and Sons,Morgan Goodman,mooredanielle@perez.com,805 Larry Lock Suite 572,,South Jacquelineview,OR,59625,MW,HLT,S,5041,0,15,A,A,2024-10-24,2026-02-16,SYSTEM
100406,Henson Ltd,Taylor Watson,jennifer81@johnson.info,599 Colin Forge Apt. 721,,East Sarahstad,ID,85352,SW,TRN,T,6754,0,30,A,A,2024-03-28,2026-02-16,SYSTEM
100407,"Anderson, Robertson and Terry",Brittany Allen,elambert@hudson.org,566 Matthew Plains Apt. 591,,Laurenburgh,SC,90969,SE,PRO,M,34661,0,30,A,A,2024-11-25,2026-02-16,SYSTEM
100408,Mcmahon Group,Mrs. Crystal Russell,anthony46@miller.com,4897 Rebecca Meadows Apt. 346,,Port Ryan,NM,81832,MW,TEC,E,296848,0,30,A,A,2024-12-01,2026-02-16,SYSTEM
100409,"Hughes, Salazar and Bradford",David Austin,joshuamills@mann.com,58133 Molly Roads Suite 762,,East Jason,AZ,44806,WE,PRO,S,6015,0,30,H,A,2024-06-09,2026-02-16,SYSTEM
100410,"Phelps, Miller and Cantu",Daniel Mcdonald,william97@christensen.com,28708 Jordan Drive Apt. 552,,Port Robertfurt,KY,32595,NE,HLT,M,68397,0,30,S,A,2024-04-09,2026-02-16,SYSTEM
100411,"Brady, Parker and Evans",Shannon Noble PhD,umurphy@ellis.org,7012 Griffin Neck,,Parkerberg,MO,02436,MW,FIN,S,12783,0,15,A,A,2024-05-11,2026-02-16,SYSTEM
100412,Clayton PLC,Alexander Johnson,hudsondeborah@ibarra-riley.com,8375 Robert Cliffs,,Wyattfurt,NE,20623,NE,CON,M,25500,0,45,A,A,2024-03-03,2026-02-16,SYSTEM
100413,Burke Group,Robert Acosta,hernandezjustin@jackson-colon.net,652 Daniel Crest,,Jonathanberg,MA,97234,SE,HLT,T,1421,0,15,A,A,2024-12-07,2026-02-16,SYSTEM
100414,Hayes-Proctor,Kimberly Fischer,hoopersamuel@carlson.com,88677 Swanson Stream Suite 091,,Huertastad,VI,95214,NE,FIN,T,7512,0,30,A,A,2024-12-02,2026-02-16,SYSTEM
100415,"Brock, Schultz and Boone",Theresa Morgan,thompsonmolly@green.info,2997 Robert Fort Suite 644,,Lake Austinberg,VT,19735,SE,CON,T,7249,0,30,A,A,2024-06-06,2026-02-16,SYSTEM
100416,Patel-Vasquez,Donald Miller,wmclaughlin@thompson-martinez.com,87461 Harris Radial,,Michaelborough,NE,72400,MW,RET,T,5400,0,15,A,A,2024-11-29,2026-02-16,SYSTEM
100417,Bean Group,David Macias,zgordon@smith-wheeler.net,60156 Mark Curve Suite 149,,New Robertfort,GA,56275,MW,TRN,E,496601,0,60,A,A,2024-07-03,2026-02-16,SYSTEM
100418,Bell LLC,Cheryl Munoz,nicholasguerrero@donaldson.com,651 Richardson Wells Suite 835,,Evansfort,MS,86728,WE,PRO,T,4860,0,30,A,A,2024-12-31,2026-02-16,SYSTEM
100419,"Deleon, Humphrey and Brennan",Duane Bowman,traciegonzales@guzman.com,038 Byrd Mountain,,North Allison,OH,79636,NE,PRO,M,47659,0,30,S,A,2024-11-14,2026-02-16,SYSTEM
100420,Ross Inc,Elizabeth Paul,peterle@moody.info,1778 Jennings Flats Apt. 336,,Yesenialand,KS,92951,SW,HLT,E,458154,0,45,A,A,2024-11-03,2026-02-16,SYSTEM
100421,Thompson-Williams,Lindsay Kaiser,zmcmahon@acosta.com,6225 Barton Island Suite 011,,Port Sherrihaven,VT,57012,MW,HLT,S,7851,0,30,A,A,2024-08-29,2026-02-16,SYSTEM
100422,"Good, Miller and Bender",Dawn Stewart,pamelakramer@rice.com,798 Hanson Crossing Suite 261,,West Stephanie,NM,99568,NE,TRN,T,2843,0,30,A,A,2024-03-25,2026-02-16,SYSTEM
100423,Foster-Evans,Dennis Henderson,david47@benson.com,20589 Katherine Path,,Lake Curtisstad,MD,33225,NE,HLT,E,249995,0,60,H,A,2024-09-04,2026-02-16,SYSTEM
100424,Tran-Smith,April West,newtonanne@macdonald.com,41492 Tina Station Apt. 635,,South Spencerport,IN,62127,SW,PRO,T,1613,0,15,A,A,2024-03-12,2026-02-16,SYSTEM
100425,Bird Inc,George Martinez,mercedesrogers@hernandez-clay.com,41167 Jonathan Grove Apt. 518,,New Johnfurt,FM,08268,NE,TRN,T,6431,0,15,A,A,2024-09-02,2026-02-16,SYSTEM
100426,"Johnson, Morgan and Carey",Steven Holmes,samantha35@davis-phillips.com,094 Kimberly Oval,,Santoschester,WI,03957,NE,CON,S,14930,0,30,A,A,2024-11-28,2026-02-16,SYSTEM
100427,Miller Group,Daniel Salinas,james72@miller.biz,38614 Holder Roads,,Lake Tiffany,MH,95494,SE,FIN,M,83079,0,45,A,A,2024-02-22,2026-02-16,SYSTEM
100428,"Mills, Clements and Allen",Elizabeth Rivera,vholt@hendricks.com,2087 Jocelyn Mill,,Port Patricialand,AZ,97475,SE,PRO,E,210829,0,45,A,A,2024-07-10,2026-02-16,SYSTEM
100429,Carpenter Ltd,Krystal Boyd,dickersonbrianna@rodriguez.com,339 Robert Club,,Deborahshire,NH,81569,WE,TEC,E,134402,0,45,A,A,2024-04-24,2026-02-16,SYSTEM
100430,"Green, Griffith and Phillips",Kimberly Murray,amydavis@graham.org,1925 Mathew Via,,South Jackie,PW,80606,SE,RET,E,205238,0,30,A,A,2024-07-17,2026-02-16,SYSTEM
100431,Prince LLC,Kimberly Powell,jruiz@martin.com,793 Robert Ville,,West Eric,MO,46352,MW,CON,M,85846,0,45,A,A,2025-01-02,2026-02-16,SYSTEM
100432,Brown Group,Andrea Glass,zthornton@jacobson.com,35056 Logan Mission,,Robertsstad,SD,38029,MW,PRO,M,83471,0,30,S,A,2024-04-10,2026-02-16,SYSTEM
100433,Hubbard Group,Janet Peters,henrydavid@hensley.net,14711 Baker Harbors,,West Christopherberg,SC,54242,MW,TEC,S,13475,0,15,A,A,2024-10-26,2026-02-16,SYSTEM
100434,Anderson-Williams,Kristopher Taylor,wwilliams@wright.net,9934 Carter Plaza,,Jenkinsport,AR,95893,SE,RET,M,52096,0,45,A,A,2025-01-13,2026-02-16,SYSTEM
100435,"Walsh, Russell and Vaughan",Kevin Young,devans@cummings.org,31081 Christopher Highway Apt. 530,,South Ericport,VA,37863,SE,TEC,T,1138,0,15,A,A,2024-08-14,2026-02-16,SYSTEM
100436,Duffy and Sons,Alexis Saunders,stephen19@shannon-brooks.biz,69980 White Key Apt. 898,,New Cynthia,NE,85867,SW,TRN,S,16426,0,30,A,A,2024-04-26,2026-02-16,SYSTEM
100437,Taylor-Blackwell,Melinda Hernandez,christopher17@hayes-roberts.com,88579 Romero Forest Apt. 363,,Davisshire,IL,03900,WE,HLT,T,1120,0,30,A,A,2024-08-26,2026-02-16,SYSTEM
100438,Swanson-Green,Leah Jefferson,stephanieanderson@jones.com,5046 Justin Forest Suite 078,,West Jenniferside,VT,89375,NE,PRO,S,7091,0,30,S,A,2024-08-29,2026-02-16,SYSTEM
100439,"Wood, Duncan and Smith",Lance Cooley,monicawalter@ho.com,72827 Russell Bridge,,Smithville,PW,07353,MW,RET,S,9912,0,15,H,A,2024-03-16,2026-02-16,SYSTEM
100440,Cervantes Inc,Jason Chambers,jshepherd@short.com,4542 Young Ridge Apt. 874,,West Brenda,VA,86489,MW,TEC,T,1417,0,30,S,A,2024-06-17,2026-02-16,SYSTEM
100441,Holland-Sparks,Melissa Holt,kathleenbenitez@weeks.org,3358 Jerry Loaf Apt. 567,,Hayesmouth,MP,32878,SW,MFG,T,4111,0,30,A,A,2024-04-19,2026-02-16,SYSTEM
100442,"Fields, Wilcox and Hurst",Gregory Castro,christopher77@ramos.org,36916 White Camp,,Stewartshire,FL,51577,MW,FIN,T,3785,0,15,A,A,2024-09-07,2026-02-16,SYSTEM
100443,Phillips Ltd,Sarah Thomas,christophersmith@liu.net,3294 Brent Crossing Suite 957,,Joyville,AK,94454,MW,HLT,M,54131,0,45,A,A,2024-06-16,2026-02-16,SYSTEM
100444,"Gonzalez, Shaw and Meyer",Michael Martin,rbailey@richards-parsons.info,435 Virginia Land Suite 594,,Port Jane,MP,80416,MW,FIN,S,24187,0,30,A,A,2024-12-21,2026-02-16,SYSTEM
100445,Koch-Lucero,Gary Steele,catherinearias@mccormick-ramirez.biz,673 Wilson Junctions,,East Roberthaven,LA,20222,SW,RET,E,362394,0,30,H,A,2024-08-18,2026-02-16,SYSTEM
100446,"Romero, Smith and Townsend",Brad Hughes Jr.,zmitchell@george.com,127 Erica Well Apt. 698,,Williamstad,AK,99293,NE,TEC,T,3250,0,15,A,I,2024-05-28,2026-02-16,SYSTEM
100447,Mcconnell-Walker,Rachael Hall,ypierce@guerrero-allen.com,7891 Jimenez Turnpike Suite 391,,East Isaac,AK,56592,MW,TEC,M,35592,0,45,A,I,2024-08-10,2026-02-16,SYSTEM
100448,Cain PLC,Melissa Jacobs,lindajohnson@sanchez-davis.com,004 Odom Neck,,East Brianville,KS,02025,NE,PRO,E,243407,0,30,A,A,2024-10-28,2026-02-16,SYSTEM
100449,Mcdonald-Moyer,Tina Miller,jill93@george-marquez.org,815 Gregory Extensions,,Hoffmanberg,AK,54840,NE,TEC,T,8105,0,30,A,I,2024-07-05,2026-02-16,SYSTEM
100450,Cortez and Sons,Mary Evans,xliu@salazar.biz,143 Hill Springs,,Joshuaside,KS,39724,NE,RET,E,483075,0,45,S,A,2024-04-21,2026-02-16,SYSTEM
100451,Smith Group,Bethany Reid,xbrown@ponce-baker.com,609 Alexis Expressway,,North Kelly,CA,96131,NE,MFG,M,57613,0,30,A,A,2024-11-12,2026-02-16,SYSTEM
100452,Simpson Inc,Leah Chavez,harveylynn@palmer.com,049 Williams Views Suite 796,,Wilsonshire,RI,44189,SW,FIN,E,187566,0,30,A,A,2024-08-22,2026-02-16,SYSTEM
100453,"Harrison, Day and Ramsey",Thomas Williams PhD,brianawest@kerr-barry.com,3617 Jordan Roads,,Lake Marisa,TN,68530,WE,CON,T,8105,0,15,A,A,2024-07-18,2026-02-16,SYSTEM
100454,Johnson Inc,Erin Huff,turnerjasmine@logan.com,4309 Sara Points Apt. 775,,Holmestown,WV,74028,SE,TRN,M,27506,0,30,A,I,2024-10-01,2026-02-16,SYSTEM
100455,Reed-Clark,Nicole Hendricks,meganhowe@griffin-clark.com,9736 Hamilton Parks,,West Julie,AS,78461,WE,TEC,E,164572,0,45,A,A,2024-07-09,2026-02-16,SYSTEM
100456,Gill Ltd,Elizabeth Underwood,laceywright@obrien-hebert.org,8393 Simmons Forges,,Monicaport,IA,53463,WE,MFG,S,24461,0,15,A,A,2025-01-07,2026-02-16,SYSTEM
100457,Gonzalez-Williams,Kimberly Jones,stephanielynch@gray.com,698 Deborah Wall,,East Kyle,MO,55298,NE,TRN,E,332948,0,45,A,A,2024-10-31,2026-02-16,SYSTEM
100458,Savage-Williams,Jillian Watkins,zeaton@vaughan.info,7933 Hayley Meadows Apt. 114,,North Elizabethville,CT,19027,NE,FIN,M,80164,0,30,A,A,2024-03-13,2026-02-16,SYSTEM
100459,Garrison-Hernandez,Christopher Parrish,ashleythomas@cantu-craig.biz,09081 Ortiz Dale,,Port David,NC,39299,SW,HLT,M,92054,0,30,A,A,2024-05-08,2026-02-16,SYSTEM
100460,Gonzalez-Duran,Cassandra Davies,fbennett@clark.biz,00426 Samuel Ranch,,Valenciaborough,CA,83372,WE,RET,M,59471,0,30,A,A,2024-10-27,2026-02-16,SYSTEM
100461,"Mueller, Rose and Santos",Jamie Serrano,joshuawillis@garcia.com,4978 David Well,,Michaelstad,VA,38122,WE,PRO,E,208891,0,60,H,A,2025-01-16,2026-02-16,SYSTEM
100462,"Johnson, Patterson and Sullivan",Justin Williamson,jameswhite@warner-james.org,540 Lawrence Cliffs Apt. 811,,Karlaburgh,MS,87709,NE,HLT,E,401021,0,60,A,A,2024-05-01,2026-02-16,SYSTEM
100463,Hooper Ltd,Jonathan Miller,raymondthompson@lewis.com,51917 Anthony Prairie Suite 079,,Robertmouth,TX,63971,NE,FIN,E,437818,0,30,A,I,2024-09-04,2026-02-16,SYSTEM
100464,Mcclure Ltd,Michael Rodriguez,nancy47@cole.com,232 Russo Dale,,Lake Jeffmouth,NY,32421,NE,HLT,T,3862,0,15,H,A,2024-08-10,2026-02-16,SYSTEM
100465,Marks-Robinson,Jill Bass,perryjon@glenn-norris.com,1050 Schmidt Fork,,Lake Kelly,MN,84850,NE,HLT,T,1751,0,15,H,A,2024-10-22,2026-02-16,SYSTEM
100466,Butler Inc,Savannah Lynch,rebeccacampbell@harris.biz,636 Wright Ferry Suite 580,,South Sarah,ID,70692,MW,PRO,S,13791,0,15,A,A,2024-11-20,2026-02-16,SYSTEM
100467,Taylor LLC,Jacob Jones,ybridges@robinson-miller.biz,2007 Murphy Alley Suite 046,,Lake Justin,VA,98814,SW,PRO,T,5453,0,30,A,A,2024-06-16,2026-02-16,SYSTEM
100468,"Fleming, Pollard and Burns",Amanda Short,freemancasey@rodriguez.com,426 Daniel Cliffs,,Port Marissaberg,MS,78290,NE,TEC,M,32686,0,30,A,A,2024-05-15,2026-02-16,SYSTEM
100469,Brown LLC,Michael Acosta DVM,cmcclure@byrd-ochoa.info,0536 Miller Wall Suite 094,,Gutierrezfort,NM,06309,SE,TRN,T,6875,0,15,H,A,2024-11-12,2026-02-16,SYSTEM
100470,Porter-Garcia,Gregory Moore,tara27@gross-cox.com,0089 Hannah Unions,,North Dennisshire,AK,82124,SW,HLT,T,7738,0,30,A,A,2024-08-10,2026-02-16,SYSTEM
100471,Carpenter-Horton,Miss Carolyn Smith,joel95@brown.info,341 James Parkway Suite 280,,Bellland,CO,01721,WE,RET,E,451191,0,45,A,A,2024-03-07,2026-02-16,SYSTEM
100472,"Mclean, Powers and Moss",Ashley Martin,danadavis@weaver.com,8520 West Stream,,West Michael,KS,09037,SW,RET,E,352669,0,45,A,A,2024-11-02,2026-02-16,SYSTEM
100473,Hernandez Ltd,Christie Mckinney,perezrhonda@vasquez.com,4076 Klein Harbor,,Kristenmouth,AS,87536,NE,TEC,E,365063,0,45,H,A,2024-12-10,2026-02-16,SYSTEM
100474,Fisher-Vasquez,Maria Malone,aking@torres-ferguson.com,128 Thomas Fort Apt. 431,,Moralesport,NJ,40932,MW,RET,T,6421,0,30,A,A,2024-02-23,2026-02-16,SYSTEM
100475,"Hall, Blake and Reed",Jason Mills,robert55@morris-conrad.info,289 Jennifer Square Apt. 356,,Andrehaven,WA,10764,SW,RET,T,2291,0,30,A,A,2024-12-03,2026-02-16,SYSTEM
100476,Stewart-Bowman,Jermaine Watkins,vjohnson@price.com,3403 Andrea Views Apt. 663,,North Robert,SD,45106,SW,CON,T,2944,0,30,A,A,2024-06-25,2026-02-16,SYSTEM
100477,Holland Ltd,Robert Hansen,gina43@young-vang.com,788 Tim Dale,,Shieldsport,DE,10800,NE,MFG,T,2489,0,30,H,A,2024-02-17,2026-02-16,SYSTEM
100478,Reynolds and Sons,Christina Fitzpatrick,krobinson@ochoa.info,6020 Mitchell Hill,,Marystad,AL,41111,MW,CON,T,1889,0,15,A,A,2024-03-06,2026-02-16,SYSTEM
100479,Burke LLC,Jennifer Lee,jordanjustin@jackson.net,10571 Edwards Terrace Apt. 388,,West Markberg,NE,38801,MW,PRO,T,2868,0,15,A,A,2024-07-27,2026-02-16,SYSTEM
100480,Oliver-Bailey,Cassandra Robinson,kathleen60@downs.net,3543 Laurie Turnpike Apt. 635,,Port John,IN,65033,MW,CON,S,8483,0,15,H,A,2024-06-22,2026-02-16,SYSTEM
100481,"Perez, Callahan and Baker",Evelyn Smith,bradleymurray@herrera-dixon.com,23216 Sheila Mountains Apt. 088,,Kristinburgh,NE,62153,MW,RET,E,198326,0,30,H,A,2024-05-28,2026-02-16,SYSTEM
100482,"Melton, Conner and Schmidt",Keith Roberts,rhart@avery-prince.net,810 Maurice River Suite 940,,Port Rogerstad,NC,75080,MW,HLT,M,79325,0,30,H,A,2024-03-22,2026-02-16,SYSTEM
100483,"Parker, Graham and Shelton",Erika Buckley,robinsonmark@browning.biz,7286 Williams Light,,Taylorberg,NC,44045,SW,PRO,E,445220,0,60,S,A,2024-05-07,2026-02-16,SYSTEM
100484,Glass Group,Richard Olson,janetwall@robbins.net,8403 Smith Mews,,Bellton,TX,66397,WE,MFG,E,390049,0,45,A,A,2024-05-02,2026-02-16,SYSTEM
100485,Herman-Hall,Steven Davis,williamschristopher@barron-fischer.com,264 Rivera Well Suite 955,,East Katelyn,AK,81692,WE,TEC,M,41827,0,30,A,A,2024-08-06,2026-02-16,SYSTEM
100486,Sanchez-Levine,Kevin Martin,barbaracooper@burgess.net,10754 Christina Dale,,Millerbury,MI,42292,SW,RET,T,5482,0,30,S,I,2024-05-31,2026-02-16,SYSTEM
100487,"Smith, Porter and Williams",Stacy Riggs,aaron00@miller.info,4852 Andre Ville,,North Mario,WV,47684,SE,TRN,M,92147,0,45,A,A,2024-08-10,2026-02-16,SYSTEM
100488,"Randall, Grimes and Lin",Robin Gray,nmorales@wilson-richards.com,17160 Lee Dam,,New Juanland,HI,18539,SE,RET,M,63086,0,45,H,A,2024-02-20,2026-02-16,SYSTEM
100489,"Adkins, Stanton and Johnson",Karen Glover,smithsheila@hoffman.net,13989 Kirby Station,,Michaelfurt,FL,25849,WE,CON,M,40126,0,45,A,A,2024-06-18,2026-02-16,SYSTEM
100490,Rodriguez Inc,George Ramirez,qlarson@white-lester.biz,8178 Peters Wells Apt. 360,,Port Kimberly,OR,68569,SW,MFG,S,22128,0,15,A,A,2024-12-20,2026-02-16,SYSTEM
100491,"Murray, Hicks and Stafford",Scott Reese,stephanie22@mendoza.info,65016 Brittney Crest,,Ricardoland,IN,93316,MW,TEC,M,62567,0,45,A,A,2024-08-19,2026-02-16,SYSTEM
100492,Rivas Ltd,Jessica Wright,daniel91@johnson-kane.net,2922 Osborn Key,,Port Kristina,MH,73426,WE,MFG,M,72013,0,45,A,A,2024-04-05,2026-02-16,SYSTEM
100493,Duke-Davis,Diana Gates,michaelmcmillan@stevens.org,151 Meyer Canyon Suite 231,,West Dana,WI,39633,WE,TRN,M,56142,0,45,A,A,2024-07-06,2026-02-16,SYSTEM
100494,Graves-Ferguson,James Smith,banderson@hamilton.com,450 Lopez Walks Apt. 645,,Watersmouth,SC,71509,SW,CON,T,1881,0,15,A,A,2024-06-05,2026-02-16,SYSTEM
100495,Jimenez-Salazar,Taylor Mason,zsantos@johnston.biz,45672 Lisa Summit Suite 908,,Mcclainville,DE,91252,MW,RET,M,50362,0,45,A,I,2024-12-10,2026-02-16,SYSTEM
100496,Dickerson LLC,Phillip Stevens,boyletracy@wilcox-johnson.com,19755 Norma Trafficway,,Lake Joanne,MD,46316,SE,HLT,M,74440,0,30,A,A,2024-11-12,2026-02-16,SYSTEM
100497,"Carlson, Webb and Wilkins",Cynthia Fields,nwallace@may.biz,8155 Gonzales Burg Apt. 713,,Garnerville,FL,16132,WE,FIN,M,25739,0,45,A,A,2024-12-28,2026-02-16,SYSTEM
100498,Baker-Hill,Melinda Jenkins,jamesmartinez@mitchell.com,3796 Mary Forge,,Joefort,DC,42741,MW,MFG,M,64472,0,45,A,A,2024-12-11,2026-02-16,SYSTEM
100499,"Gonzales, Martinez and Baker",Kenneth Brown,gomezjanet@green-sanchez.org,981 Darren Path,,Garciaville,HI,36211,WE,RET,S,11025,0,15,A,A,2024-04-14,2026-02-16,SYSTEM
